CustomerID,CustomerName,City,Category,Price,Quantity,Discount,Email
1007,Customer_1007,Jaipur,Furniture,2857,2,0,customer1007@example.com
1011,Customer_1011,Indore,Furniture,669,1,5,customer1011@example.com
1086,Customer_1086,Indore,Grocery,2931,6,15,customer1086@example.com
1090,Customer_1090,Mumbai,Clothing,4254,5,15,customer1090@example.com
1020,Customer_1020,Jaipur,Furniture,4698,9,10,customer1020@example.com
1062,Customer_1062,Mumbai,Electronics,3854,10,0,customer1062@example.com
1065,Customer_1065,Bengaluru,Furniture,3689,9,10,customer1065@example.com
1097,Customer_1097,Mumbai,Furniture,2642,4,5,customer1097@example.com
1072,Customer_1072,Jaipur,Grocery,4619,7,0,customer1072@example.com
1077,Customer_1077,Lucknow,Grocery,1366,4,5,customer1077@example.com
1083,Customer_1083,Mumbai,Clothing,2976,9,15,customer1083@example.com
1084,Customer_1084,Lucknow,Clothing,326,2,10,customer1084@example.com
1087,Customer_1087,Indore,Sports,1047,7,5,customer1087@example.com
1088,Customer_1088,Bengaluru,Electronics,3672,1,5,customer1088@example.com
1094,Customer_1094,Pune,Grocery,4851,10,10,customer1094@example.com
1008,Customer_1008,Chennai,Electronics,3040,6,10,customer1008@example.com
1014,Customer_1014,Hyderabad,Furniture,2287,2,5,customer1014@example.com
1068,Customer_1068,Lucknow,Furniture,2331,5,5,customer1068@example.com
1069,Customer_1069,Hyderabad,Furniture,2262,9,15,customer1069@example.com
1074,Customer_1074,Hyderabad,Sports,4626,3,15,customer1074@example.com
1009,Customer_1009,Delhi,Grocery,4492,2,15,customer1009@example.com
1066,Customer_1066,Indore,Sports,164,9,10,customer1066@example.com
1075,Customer_1075,Jaipur,Electronics,2625,6,0,customer1075@example.com
1100,Customer_1100,Chennai,Grocery,3373,4,5,customer1100@example.com
1016,Customer_1016,Bengaluru,Sports,1899,6,0,customer1016@example.com
1095,Customer_1095,Kolkata,Grocery,3722,4,15,customer1095@example.com
1001,Customer_1001,Mumbai,Electronics,2353,4,5,customer1001@example.com
1070,Customer_1070,Bengaluru,Electronics,856,7,10,customer1070@example.com
1073,Customer_1073,Mumbai,Electronics,1321,9,0,customer1073@example.com
1085,Customer_1085,Jaipur,Sports,2274,1,0,customer1085@example.com
1004,Customer_1004,Lucknow,Sports,317,9,5,customer1004@example.com
1017,Customer_1017,Pune,Electronics,2684,7,10,customer1017@example.com
1067,Customer_1067,Mumbai,Furniture,2266,2,0,customer1067@example.com
1076,Customer_1076,Hyderabad,Furniture,2144,2,10,customer1076@example.com
1005,Customer_1005,Lucknow,Grocery,1905,8,10,customer1005@example.com
1010,Customer_1010,Mumbai,Sports,2501,10,10,customer1010@example.com
1015,Customer_1015,Lucknow,Furniture,1438,8,15,customer1015@example.com
1019,Customer_1019,Kolkata,Grocery,3858,3,10,customer1019@example.com
1064,Customer_1064,Jaipur,Clothing,663,4,10,customer1064@example.com
1079,Customer_1079,Chennai,Furniture,2285,3,0,customer1079@example.com
1081,Customer_1081,Kolkata,Clothing,2600,4,5,customer1081@example.com
1082,Customer_1082,Delhi,Furniture,3364,6,10,customer1082@example.com
1091,Customer_1091,Hyderabad,Grocery,2522,9,5,customer1091@example.com
1099,Customer_1099,Indore,Electronics,3830,7,5,customer1099@example.com
1078,Customer_1078,Jaipur,Grocery,303,3,10,customer1078@example.com
1080,Customer_1080,Chennai,Electronics,3955,4,5,customer1080@example.com
1092,Customer_1092,Pune,Grocery,3205,3,10,customer1092@example.com
1061,Customer_1061,Chennai,Furniture,2557,8,10,customer1061@example.com
1003,Customer_1003,Delhi,Electronics,867,4,5,customer1003@example.com
1093,Customer_1093,Chennai,Sports,103,5,10,customer1093@example.com
1002,Customer_1002,Jaipur,Electronics,4567,2,15,customer1002@example.com
1012,Customer_1012,Bengaluru,Electronics,2007,2,15,customer1012@example.com
1063,Customer_1063,Mumbai,Sports,1846,9,10,customer1063@example.com
1098,Customer_1098,Jaipur,Electronics,478,4,15,customer1098@example.com
1089,Customer_1089,Hyderabad,Grocery,673,6,10,customer1089@example.com
1096,Customer_1096,Jaipur,Electronics,2424,9,10,customer1096@example.com
1021,Customer_1021,Mumbai,Grocery,5265,1,10,customer1021@example.com
1030,Customer_1030,Kolkata,Sports,4919,9,10,customer1030@example.com
1044,Customer_1044,Hyderabad,Grocery,3467,8,0,customer1044@example.com
1108,Customer_1108,Indore,Sports,322,2,15,customer1108@example.com
1022,Customer_1022,Pune,Furniture,4722,7,0,customer1022@example.com
1025,Customer_1025,Kolkata,Clothing,5116,2,0,customer1025@example.com
1060,Customer_1060,Bengaluru,Furniture,2673,4,10,customer1060@example.com
1122,Customer_1122,Delhi,Grocery,4115,2,15,customer1122@example.com
1026,Customer_1026,Lucknow,Clothing,3004,8,10,customer1026@example.com
1041,Customer_1041,Bengaluru,Grocery,1855,9,5,customer1041@example.com
1043,Customer_1043,Chennai,Furniture,872,2,15,customer1043@example.com
1048,Customer_1048,Pune,Electronics,3730,9,0,customer1048@example.com
1111,Customer_1111,Hyderabad,Grocery,2379,7,10,customer1111@example.com
1112,Customer_1112,Mumbai,Grocery,258,9,0,customer1112@example.com
1024,Customer_1024,Pune,Electronics,3327,9,15,customer1024@example.com
1113,Customer_1113,Hyderabad,Furniture,662,1,0,customer1113@example.com
1119,Customer_1119,Mumbai,Sports,2089,2,10,customer1119@example.com
1033,Customer_1033,Kolkata,Grocery,1108,9,5,customer1033@example.com
1035,Customer_1035,Bengaluru,Sports,3841,2,5,customer1035@example.com
1037,Customer_1037,Mumbai,Furniture,2153,9,10,customer1037@example.com
1040,Customer_1040,Chennai,Clothing,762,7,5,customer1040@example.com
1054,Customer_1054,Pune,Electronics,4844,9,0,customer1054@example.com
1106,Customer_1106,Delhi,Grocery,2853,7,5,customer1106@example.com
1130,Customer_1130,Lucknow,Electronics,4332,4,0,customer1130@example.com
1028,Customer_1028,Indore,Furniture,4694,8,10,customer1028@example.com
1038,Customer_1038,Pune,Sports,4757,3,5,customer1038@example.com
1047,Customer_1047,Jaipur,Grocery,1603,5,15,customer1047@example.com
1107,Customer_1107,Kolkata,Furniture,4475,1,15,customer1107@example.com
1126,Customer_1126,Mumbai,Clothing,3792,4,15,customer1126@example.com
1052,Customer_1052,Chennai,Clothing,3827,5,15,customer1052@example.com
1105,Customer_1105,Kolkata,Furniture,2335,7,15,customer1105@example.com
1120,Customer_1120,Indore,Electronics,4736,1,10,customer1120@example.com
1125,Customer_1125,Chennai,Sports,2298,6,5,customer1125@example.com
1039,Customer_1039,Pune,Electronics,828,3,0,customer1039@example.com
1110,Customer_1110,Chennai,Clothing,1833,8,10,customer1110@example.com
1128,Customer_1128,Kolkata,Clothing,1589,8,5,customer1128@example.com
1029,Customer_1029,Chennai,Sports,2196,9,10,customer1029@example.com
1032,Customer_1032,Bengaluru,Electronics,2255,4,0,customer1032@example.com
1034,Customer_1034,Bengaluru,Grocery,4973,4,10,customer1034@example.com
1046,Customer_1046,Pune,Furniture,1658,9,15,customer1046@example.com
1059,Customer_1059,Indore,Electronics,3534,10,10,customer1059@example.com
1101,Customer_1101,Hyderabad,Sports,3916,7,0,customer1101@example.com
1104,Customer_1104,Bengaluru,Grocery,3532,9,5,customer1104@example.com
1117,Customer_1117,Jaipur,Clothing,985,10,0,customer1117@example.com
1123,Customer_1123,Hyderabad,Grocery,1353,7,5,customer1123@example.com
1127,Customer_1127,Indore,Sports,3204,6,0,customer1127@example.com
1042,Customer_1042,Indore,Sports,3972,4,15,customer1042@example.com
1049,Customer_1049,Delhi,Sports,220,2,5,customer1049@example.com
1050,Customer_1050,Jaipur,Grocery,4078,8,5,customer1050@example.com
1116,Customer_1116,Kolkata,Clothing,3121,3,0,customer1116@example.com
1055,Customer_1055,Hyderabad,Electronics,510,10,15,customer1055@example.com
1129,Customer_1129,Hyderabad,Clothing,2888,5,10,customer1129@example.com
1036,Customer_1036,Hyderabad,Grocery,3329,5,15,customer1036@example.com
1053,Customer_1053,Lucknow,Grocery,1368,4,10,customer1053@example.com
1057,Customer_1057,Jaipur,Electronics,4974,2,5,customer1057@example.com
1102,Customer_1102,Pune,Grocery,3290,10,0,customer1102@example.com
1114,Customer_1114,Pune,Furniture,266,10,5,customer1114@example.com
1058,Customer_1058,Chennai,Electronics,4766,4,0,customer1058@example.com
1109,Customer_1109,Jaipur,Grocery,1588,1,10,customer1109@example.com
1115,Customer_1115,Pune,Furniture,3979,2,5,customer1115@example.com
1118,Customer_1118,Bengaluru,Sports,3174,7,5,customer1118@example.com
1121,Customer_1121,Lucknow,Grocery,3135,2,10,customer1121@example.com
1027,Customer_1027,Hyderabad,Furniture,4152,10,10,customer1027@example.com
1045,Customer_1045,Mumbai,Electronics,3398,6,0,customer1045@example.com
1051,Customer_1051,Chennai,Electronics,1448,7,0,customer1051@example.com
1103,Customer_1103,Indore,Grocery,4007,1,10,customer1103@example.com
1124,Customer_1124,Lucknow,Clothing,4508,8,15,customer1124@example.com
