order_id,customer_id,order_date,status,region_code
1,6.0,2025-05-01 09:16:57,DELIVERED,NORTH
2,244.0,2024-09-16 08:12:42,CANCELLED,SOUTH
3,,2026-05-28 07:31:49,PLACED,SOUTH
4,86.0,2025-08-08 20:43:46,SHIPPED,SOUTH
5,398.0,2025-05-02 16:39:38,PLACED,SOUTH
6,25.0,2024-10-08 17:59:16,CANCELLED,NORTH
7,27.0,2026-04-28 07:16:33,PLACED,NORTH
8,,2026-02-13 01:44:53,PLACED,SOUTH
9,438.0,2025-06-19 23:21:43,CANCELLED,EAST
10,261.0,2026-01-04 09:15:30,CANCELLED,EAST
11,11.0,08-09-1989,DELIVERED,WEST
12,407.0,2025-06-07 17:22:05,DELIVERED,EAST
13,353.0,2026-02-16 02:32:46,SHIPPED,WEST
14,76.0,2026-05-12 07:12:26,DELIVERED,NORTH
15,,2024-11-25 01:02:03,PLACED,SOUTH
16,341.0,2024-11-19 00:32:28,RETURNED,NORTH
17,168.0,2025-04-05 22:22:14,PLACED,EAST
18,423.0,2026-06-21 13:35:31,RETURNED,NORTH
19,141.0,2025-12-15 04:05:52,PLACED,SOUTH
20,110.0,2025-06-09 00:17:50,PLACED,EAST
21,64.0,2026-06-02 20:06:02,SHIPPED,SOUTH
22,135.0,2025-03-14 08:51:11,PLACED,SOUTH
23,429.0,2026-04-02 20:26:21,SHIPPED,SOUTH
24,102.0,2026-06-12 21:10:29,RETURNED,WEST
25,371.0,2025-08-11 05:47:48,SHIPPED,WEST
26,484.0,2024-07-27 00:55:15,PLACED,EAST
27,,2026-01-22 10:23:49,RETURNED,EAST
28,237.0,06-06-1988,RETURNED,SOUTH
29,118.0,21-08-2014,SHIPPED,NORTH
30,4.0,2026-03-04 01:27:50,DELIVERED,SOUTH
31,486.0,2025-05-21 10:25:55,DELIVERED,NORTH
32,424.0,2026-01-02 23:47:06,PLACED,SOUTH
33,110.0,05-11-2019,DELIVERED,EAST
34,,2024-09-05 20:24:10,PLACED,EAST
35,,2025-01-24 00:38:41,SHIPPED,EAST
36,436.0,2024-11-15 07:05:58,RETURNED,WEST
37,378.0,2024-11-15 18:36:02,SHIPPED,WEST
38,220.0,2025-11-30 20:27:33,PLACED,NORTH
39,313.0,2025-12-28 02:29:57,PLACED,EAST
40,321.0,2025-09-24 15:55:02,PLACED,EAST
41,423.0,2026-06-24 11:20:20,RETURNED,NORTH
42,13.0,2025-02-04 19:27:55,DELIVERED,WEST
43,71.0,19-05-2023,SHIPPED,NORTH
44,334.0,2026-03-20 08:35:05,DELIVERED,EAST
45,427.0,2025-03-03 19:31:03,CANCELLED,EAST
46,412.0,2025-03-04 22:06:21,CANCELLED,WEST
47,277.0,2025-07-31 16:48:25,CANCELLED,EAST
48,17.0,2026-02-28 01:39:19,RETURNED,NORTH
49,423.0,2024-11-05 10:34:06,SHIPPED,EAST
50,,2024-12-19 01:55:19,SHIPPED,EAST
51,440.0,2025-10-08 20:20:34,SHIPPED,NORTH
52,254.0,2025-08-06 13:37:10,RETURNED,WEST
53,45.0,2024-09-26 14:21:26,PLACED,NORTH
54,391.0,12-03-2015,CANCELLED,NORTH
55,276.0,2026-03-04 13:14:43,RETURNED,EAST
56,216.0,2024-09-24 10:22:54,PLACED,NORTH
57,42.0,2024-08-02 14:35:02,CANCELLED,EAST
58,483.0,2025-09-10 19:07:50,CANCELLED,NORTH
59,499.0,2025-06-03 01:47:15,RETURNED,EAST
60,400.0,2026-03-30 09:41:23,DELIVERED,EAST
61,433.0,2025-03-21 02:01:43,DELIVERED,EAST
62,350.0,2024-11-22 10:12:52,CANCELLED,WEST
63,328.0,2026-01-21 21:20:15,RETURNED,NORTH
64,63.0,2025-11-01 19:33:55,DELIVERED,NORTH
65,151.0,2025-12-26 18:12:29,PLACED,SOUTH
66,329.0,2026-05-07 16:01:49,DELIVERED,WEST
67,361.0,22-01-1974,PLACED,NORTH
68,344.0,2026-03-15 12:00:57,CANCELLED,NORTH
69,369.0,20-10-1997,DELIVERED,WEST
70,404.0,2026-04-28 22:36:30,PLACED,EAST
71,382.0,2025-05-28 03:27:46,CANCELLED,SOUTH
72,379.0,2025-01-09 16:09:02,RETURNED,EAST
73,34.0,2026-03-30 18:43:10,DELIVERED,WEST
74,188.0,2024-10-20 13:17:08,DELIVERED,WEST
75,139.0,2025-09-23 23:31:00,PLACED,EAST
76,73.0,2025-10-22 13:01:53,SHIPPED,WEST
77,210.0,2026-03-12 05:31:36,DELIVERED,WEST
78,305.0,2024-09-21 10:14:16,DELIVERED,SOUTH
79,112.0,2026-01-13 15:17:47,RETURNED,SOUTH
80,251.0,2025-06-06 18:32:39,RETURNED,SOUTH
81,287.0,2026-06-25 08:37:12,SHIPPED,WEST
82,251.0,2025-12-20 00:16:25,RETURNED,NORTH
83,184.0,2024-09-16 14:41:58,PLACED,WEST
84,238.0,2026-03-22 07:24:11,SHIPPED,NORTH
85,277.0,2026-05-15 17:02:26,CANCELLED,NORTH
86,135.0,25-04-2013,RETURNED,NORTH
87,354.0,2026-03-19 00:11:12,PLACED,WEST
88,202.0,2025-06-19 16:51:32,CANCELLED,EAST
89,461.0,2025-08-03 16:41:05,RETURNED,EAST
90,329.0,2025-10-04 06:45:50,SHIPPED,WEST
91,178.0,23-11-2009,RETURNED,WEST
92,279.0,2024-08-04 10:54:24,CANCELLED,WEST
93,33.0,2025-10-21 09:11:09,DELIVERED,EAST
94,241.0,2026-02-24 21:57:19,CANCELLED,SOUTH
95,57.0,2025-09-21 23:40:53,RETURNED,SOUTH
96,476.0,2026-02-17 17:55:44,DELIVERED,SOUTH
97,136.0,2026-03-04 21:53:46,DELIVERED,NORTH
98,,2026-03-05 18:54:23,DELIVERED,SOUTH
99,351.0,2024-07-16 05:19:57,DELIVERED,SOUTH
100,468.0,2026-03-02 22:31:15,DELIVERED,EAST
101,40.0,2025-08-27 03:34:46,CANCELLED,NORTH
102,299.0,2025-12-09 05:43:24,CANCELLED,EAST
103,35.0,2024-07-23 08:28:04,PLACED,WEST
104,301.0,2024-12-12 04:57:52,SHIPPED,NORTH
105,143.0,2025-08-17 19:01:48,DELIVERED,NORTH
106,198.0,2025-08-01 08:46:28,SHIPPED,EAST
107,274.0,2024-12-16 17:17:51,RETURNED,NORTH
108,,2024-10-20 05:38:26,DELIVERED,WEST
109,434.0,2025-02-02 17:10:06,CANCELLED,EAST
110,313.0,2026-03-05 12:14:57,PLACED,WEST
111,207.0,2025-11-19 08:50:21,CANCELLED,WEST
112,159.0,2024-11-12 10:06:01,SHIPPED,SOUTH
113,106.0,2024-12-19 04:22:01,DELIVERED,EAST
114,23.0,2024-11-15 16:37:13,CANCELLED,SOUTH
115,201.0,2025-12-01 18:04:48,RETURNED,EAST
116,73.0,2024-11-29 02:59:31,RETURNED,SOUTH
117,431.0,2025-11-27 01:27:42,CANCELLED,SOUTH
118,,2026-03-18 14:21:03,RETURNED,SOUTH
119,131.0,2024-07-26 17:41:50,SHIPPED,EAST
120,284.0,2026-05-23 23:07:41,DELIVERED,WEST
121,134.0,2026-03-29 05:19:55,RETURNED,SOUTH
122,461.0,2025-05-09 22:43:19,CANCELLED,NORTH
123,258.0,2024-12-27 19:44:36,RETURNED,EAST
124,237.0,2026-03-05 12:29:04,CANCELLED,NORTH
125,437.0,2025-01-07 03:24:13,PLACED,EAST
126,358.0,16-03-1978,DELIVERED,SOUTH
127,465.0,2024-10-06 08:28:32,DELIVERED,NORTH
128,102.0,2025-07-05 23:13:59,CANCELLED,EAST
129,379.0,2026-06-26 02:20:42,CANCELLED,SOUTH
130,144.0,2025-07-13 13:09:01,SHIPPED,EAST
131,272.0,2025-08-12 20:30:20,CANCELLED,WEST
132,468.0,2025-03-27 14:39:47,CANCELLED,EAST
133,395.0,2025-05-02 08:08:24,DELIVERED,SOUTH
134,415.0,2026-03-21 22:43:44,PLACED,NORTH
135,317.0,2025-11-18 08:28:42,SHIPPED,WEST
136,352.0,13-11-2006,SHIPPED,EAST
137,498.0,10-03-1994,SHIPPED,NORTH
138,466.0,2025-08-16 21:36:06,CANCELLED,EAST
139,477.0,2025-01-21 18:20:25,CANCELLED,NORTH
140,84.0,2025-08-22 15:58:47,PLACED,NORTH
141,325.0,2026-05-11 08:06:12,DELIVERED,SOUTH
142,102.0,2025-04-28 15:21:17,SHIPPED,NORTH
143,197.0,28-09-1989,SHIPPED,EAST
144,128.0,2025-03-30 14:12:26,RETURNED,WEST
145,202.0,2025-10-24 23:30:09,RETURNED,EAST
146,208.0,2026-03-19 08:50:44,RETURNED,EAST
147,346.0,2026-05-30 12:16:21,SHIPPED,NORTH
148,301.0,2024-12-16 05:46:01,CANCELLED,EAST
149,218.0,2025-02-17 07:44:15,DELIVERED,EAST
150,260.0,2026-02-24 00:07:30,PLACED,NORTH
151,69.0,2026-03-26 21:59:35,PLACED,NORTH
152,51.0,2025-04-13 14:21:45,CANCELLED,NORTH
153,24.0,2025-02-13 05:29:16,RETURNED,EAST
154,,2025-08-23 07:38:44,CANCELLED,EAST
155,456.0,2025-10-04 17:19:05,CANCELLED,WEST
156,276.0,2024-11-19 20:56:58,PLACED,WEST
157,203.0,2025-11-10 08:04:49,PLACED,EAST
158,189.0,2025-04-14 21:22:09,SHIPPED,SOUTH
159,407.0,2024-09-05 11:34:52,DELIVERED,WEST
160,365.0,2025-12-29 16:17:57,CANCELLED,SOUTH
161,87.0,2026-06-09 20:10:56,CANCELLED,EAST
162,362.0,2024-09-29 21:22:38,SHIPPED,NORTH
163,373.0,2025-08-17 04:58:40,CANCELLED,SOUTH
164,460.0,2025-12-29 10:03:30,DELIVERED,NORTH
165,121.0,2025-04-27 04:06:20,DELIVERED,WEST
166,43.0,2024-11-05 22:20:49,SHIPPED,NORTH
167,120.0,2025-01-06 23:26:54,RETURNED,NORTH
168,271.0,2025-08-13 02:02:36,RETURNED,EAST
169,304.0,2025-01-24 07:20:31,PLACED,EAST
170,182.0,2026-02-09 14:08:02,PLACED,SOUTH
171,44.0,2025-07-20 21:20:39,SHIPPED,NORTH
172,,2025-10-28 23:02:07,PLACED,SOUTH
173,303.0,2024-12-07 06:21:14,SHIPPED,SOUTH
174,234.0,2025-03-15 00:47:49,DELIVERED,WEST
175,318.0,2024-12-31 11:48:34,RETURNED,SOUTH
176,361.0,2026-03-16 09:42:17,DELIVERED,SOUTH
177,413.0,2024-09-09 17:42:45,PLACED,SOUTH
178,326.0,2026-04-16 15:46:24,CANCELLED,EAST
179,318.0,2026-01-30 17:02:45,DELIVERED,EAST
180,170.0,2026-05-16 06:28:59,CANCELLED,NORTH
181,212.0,2024-10-20 16:02:55,RETURNED,EAST
182,184.0,17-07-1982,CANCELLED,WEST
183,403.0,2025-10-12 01:02:17,PLACED,NORTH
184,312.0,16-06-2004,PLACED,SOUTH
185,90.0,2026-05-07 12:50:22,SHIPPED,WEST
186,120.0,2026-04-15 06:58:32,PLACED,NORTH
187,271.0,2024-08-18 20:28:26,DELIVERED,EAST
188,81.0,2025-09-15 12:09:58,SHIPPED,SOUTH
189,55.0,27-08-2000,RETURNED,SOUTH
190,72.0,2024-11-21 18:16:28,PLACED,WEST
191,162.0,2024-11-05 07:17:40,SHIPPED,WEST
192,101.0,2025-04-21 09:26:53,CANCELLED,NORTH
193,244.0,2024-11-19 19:35:22,DELIVERED,SOUTH
194,,2024-08-30 06:21:11,RETURNED,NORTH
195,199.0,2026-01-08 11:23:19,PLACED,WEST
196,294.0,2025-08-11 15:36:14,RETURNED,SOUTH
197,304.0,2025-01-02 18:51:52,DELIVERED,SOUTH
198,294.0,2026-04-06 20:15:03,SHIPPED,NORTH
199,416.0,2026-05-01 01:29:20,SHIPPED,NORTH
200,450.0,24-05-2001,CANCELLED,WEST
201,352.0,2026-05-22 02:10:49,SHIPPED,EAST
202,351.0,2026-07-01 00:51:50,CANCELLED,NORTH
203,66.0,2024-11-22 05:12:25,DELIVERED,WEST
204,405.0,2025-12-09 12:19:39,SHIPPED,SOUTH
205,20.0,2025-11-07 14:18:47,CANCELLED,NORTH
206,354.0,2025-02-28 15:54:24,CANCELLED,NORTH
207,57.0,2025-04-07 23:23:56,PLACED,SOUTH
208,15.0,2026-01-03 15:11:07,PLACED,EAST
209,27.0,2024-09-11 11:53:02,SHIPPED,WEST
210,344.0,2026-03-29 09:49:26,PLACED,SOUTH
211,450.0,2025-06-04 09:49:50,SHIPPED,EAST
212,,2026-03-06 21:26:36,SHIPPED,SOUTH
213,428.0,2024-12-24 17:33:16,CANCELLED,EAST
214,100.0,2024-08-28 09:35:50,PLACED,SOUTH
215,465.0,2025-08-04 08:14:56,RETURNED,WEST
216,24.0,2026-07-04 00:23:19,RETURNED,EAST
217,87.0,2025-10-02 16:38:20,SHIPPED,SOUTH
218,336.0,2025-07-20 12:39:53,PLACED,WEST
219,404.0,15-06-2011,PLACED,NORTH
220,270.0,2026-02-08 20:30:31,CANCELLED,SOUTH
221,97.0,2024-12-09 22:25:38,RETURNED,SOUTH
222,414.0,2026-04-03 10:20:27,CANCELLED,NORTH
223,86.0,2025-07-16 23:14:35,RETURNED,WEST
224,62.0,2024-12-03 02:08:45,SHIPPED,NORTH
225,123.0,2026-04-28 12:45:54,RETURNED,SOUTH
226,54.0,2024-08-20 16:10:11,PLACED,EAST
227,273.0,2025-02-08 18:01:24,CANCELLED,NORTH
228,274.0,2026-02-11 04:26:51,CANCELLED,WEST
229,370.0,2024-09-12 17:37:03,RETURNED,EAST
230,236.0,2026-05-17 12:10:04,DELIVERED,EAST
231,352.0,2024-08-27 09:58:43,RETURNED,WEST
232,329.0,2025-08-19 16:58:43,PLACED,EAST
233,162.0,2024-09-19 20:20:00,RETURNED,NORTH
234,268.0,2025-01-25 08:18:54,DELIVERED,NORTH
235,143.0,2026-05-08 18:25:18,PLACED,SOUTH
236,,2025-06-03 20:25:26,CANCELLED,WEST
237,119.0,2025-04-18 16:13:53,PLACED,WEST
238,267.0,2025-04-01 02:04:38,RETURNED,WEST
239,13.0,2026-04-04 01:02:43,SHIPPED,WEST
240,233.0,2024-12-21 02:37:03,CANCELLED,NORTH
241,278.0,2025-01-30 20:06:38,PLACED,NORTH
242,197.0,2025-08-15 07:28:03,SHIPPED,SOUTH
243,181.0,2025-09-07 04:10:44,CANCELLED,WEST
244,114.0,2025-12-15 13:58:37,CANCELLED,WEST
245,77.0,2025-07-06 21:46:04,PLACED,EAST
246,198.0,16-07-2019,RETURNED,WEST
247,213.0,2025-09-02 08:14:26,SHIPPED,WEST
248,341.0,2025-12-18 15:39:02,CANCELLED,EAST
249,166.0,2025-06-28 01:58:22,RETURNED,SOUTH
250,159.0,2026-06-03 18:25:46,RETURNED,SOUTH
251,285.0,2024-08-27 06:26:50,SHIPPED,EAST
252,358.0,2024-09-20 07:22:45,CANCELLED,EAST
253,312.0,2026-03-14 13:09:53,PLACED,SOUTH
254,38.0,2025-01-15 03:46:33,RETURNED,SOUTH
255,397.0,19-08-2020,CANCELLED,NORTH
256,175.0,2026-02-02 20:58:54,DELIVERED,SOUTH
257,311.0,2024-11-12 07:25:49,RETURNED,WEST
258,312.0,2026-02-20 21:42:29,PLACED,EAST
259,90.0,2026-01-18 11:15:18,SHIPPED,SOUTH
260,89.0,2025-05-04 09:19:58,PLACED,WEST
261,186.0,2026-06-27 01:55:52,DELIVERED,EAST
262,326.0,2026-01-22 05:09:54,SHIPPED,SOUTH
263,216.0,2026-06-03 20:26:49,DELIVERED,SOUTH
264,77.0,2024-09-03 08:47:40,RETURNED,EAST
265,84.0,2026-04-12 16:49:13,SHIPPED,EAST
266,290.0,2025-01-11 09:54:03,DELIVERED,EAST
267,392.0,2025-02-06 01:36:38,DELIVERED,NORTH
268,427.0,2025-06-17 08:50:28,DELIVERED,NORTH
269,241.0,2025-08-12 10:45:31,CANCELLED,EAST
270,,2024-07-23 14:34:11,SHIPPED,NORTH
271,289.0,2025-11-15 12:49:01,CANCELLED,NORTH
272,386.0,2025-01-27 21:58:29,CANCELLED,SOUTH
273,355.0,2024-09-13 16:34:52,CANCELLED,NORTH
274,331.0,2025-08-16 23:02:25,CANCELLED,WEST
275,47.0,2025-03-12 07:08:34,PLACED,SOUTH
276,91.0,2024-10-19 15:15:28,CANCELLED,EAST
277,459.0,2026-01-08 10:04:52,SHIPPED,WEST
278,224.0,2025-05-09 15:34:31,DELIVERED,WEST
279,16.0,2026-03-14 23:47:00,CANCELLED,NORTH
280,370.0,2025-02-18 04:11:28,CANCELLED,EAST
281,398.0,2026-04-25 22:04:35,PLACED,WEST
282,39.0,2026-03-08 17:01:12,RETURNED,NORTH
283,31.0,2025-03-10 15:47:43,PLACED,EAST
284,482.0,2025-12-14 20:11:50,RETURNED,SOUTH
285,185.0,2024-10-09 14:38:13,SHIPPED,NORTH
286,298.0,2025-04-06 03:18:23,PLACED,EAST
287,408.0,2025-02-03 05:15:56,SHIPPED,SOUTH
288,479.0,2025-03-06 18:48:12,RETURNED,SOUTH
289,426.0,2025-12-05 14:51:30,PLACED,SOUTH
290,317.0,2025-05-17 05:34:43,PLACED,WEST
291,304.0,2024-11-25 08:29:41,DELIVERED,SOUTH
292,135.0,2026-03-20 05:20:02,DELIVERED,WEST
293,114.0,2024-11-02 15:37:15,RETURNED,NORTH
294,318.0,2024-12-01 23:34:44,PLACED,WEST
295,244.0,2026-04-06 22:03:26,RETURNED,SOUTH
296,139.0,2026-03-02 10:06:02,CANCELLED,EAST
297,391.0,2026-05-04 15:12:48,RETURNED,WEST
298,304.0,2025-03-13 00:27:27,RETURNED,WEST
299,307.0,2024-12-11 02:35:45,SHIPPED,EAST
300,55.0,2024-07-30 00:11:36,RETURNED,SOUTH
301,106.0,2025-11-22 18:32:37,DELIVERED,WEST
302,42.0,2026-05-02 03:26:18,CANCELLED,EAST
303,385.0,2026-03-11 21:58:15,SHIPPED,NORTH
304,453.0,2025-02-22 06:35:19,PLACED,NORTH
305,22.0,2026-05-04 23:57:17,SHIPPED,WEST
306,114.0,2026-04-18 10:54:28,RETURNED,WEST
307,457.0,2025-01-24 01:32:42,RETURNED,SOUTH
308,7.0,2026-07-02 11:15:00,PLACED,SOUTH
309,426.0,2025-08-01 18:27:47,RETURNED,EAST
310,355.0,2024-10-24 20:42:34,CANCELLED,NORTH
311,406.0,2025-03-20 12:14:05,PLACED,SOUTH
312,282.0,2025-12-19 07:49:36,DELIVERED,SOUTH
313,9.0,2026-01-09 15:03:18,SHIPPED,SOUTH
314,30.0,2024-09-19 19:53:25,CANCELLED,WEST
315,250.0,2025-12-07 01:28:06,DELIVERED,WEST
316,489.0,2025-05-03 19:31:57,CANCELLED,WEST
317,178.0,2026-03-28 07:49:50,CANCELLED,EAST
318,300.0,2025-02-11 14:34:11,DELIVERED,WEST
319,246.0,2025-08-14 00:03:40,RETURNED,EAST
320,380.0,26-10-2012,RETURNED,SOUTH
321,181.0,2024-08-28 22:02:08,DELIVERED,EAST
322,489.0,2024-11-25 11:05:33,CANCELLED,WEST
323,90.0,2025-04-21 13:21:56,RETURNED,EAST
324,406.0,27-03-2018,PLACED,EAST
325,353.0,2025-12-31 20:51:51,PLACED,WEST
326,87.0,2026-01-09 03:12:47,DELIVERED,EAST
327,88.0,24-01-1990,CANCELLED,WEST
328,320.0,2024-07-21 01:48:49,DELIVERED,NORTH
329,208.0,2024-10-17 09:25:44,DELIVERED,EAST
330,79.0,2025-09-05 17:13:48,CANCELLED,WEST
331,78.0,2025-08-10 06:00:16,PLACED,SOUTH
332,203.0,2025-08-24 08:06:13,SHIPPED,WEST
333,401.0,2025-01-06 23:32:17,SHIPPED,EAST
334,319.0,2025-07-01 22:44:47,PLACED,NORTH
335,64.0,2026-04-15 12:06:44,DELIVERED,EAST
336,217.0,2025-10-30 03:28:52,DELIVERED,WEST
337,432.0,2026-05-24 17:27:11,PLACED,EAST
338,74.0,2024-09-11 13:16:46,CANCELLED,EAST
339,465.0,2025-05-27 12:04:17,DELIVERED,EAST
340,65.0,2025-01-30 18:28:05,CANCELLED,WEST
341,485.0,2026-01-14 16:38:28,PLACED,EAST
342,,22-10-1972,SHIPPED,SOUTH
343,347.0,2025-10-23 16:48:51,CANCELLED,NORTH
344,72.0,2024-09-22 00:41:36,CANCELLED,WEST
345,322.0,2025-12-31 07:38:03,SHIPPED,EAST
346,328.0,2025-05-05 14:41:13,SHIPPED,NORTH
347,297.0,2025-10-21 19:00:17,CANCELLED,WEST
348,,2024-12-20 06:05:43,PLACED,EAST
349,482.0,2024-07-17 09:31:19,PLACED,WEST
350,481.0,2026-02-09 16:33:44,PLACED,SOUTH
351,389.0,2026-06-03 10:33:29,DELIVERED,WEST
352,31.0,2025-06-04 18:51:09,SHIPPED,WEST
353,388.0,2025-07-14 18:54:52,RETURNED,WEST
354,72.0,2025-05-28 07:26:53,PLACED,NORTH
355,416.0,2025-04-30 05:33:18,DELIVERED,SOUTH
356,130.0,2024-12-07 17:53:57,RETURNED,WEST
357,449.0,2024-11-18 09:45:29,DELIVERED,SOUTH
358,233.0,2025-05-20 07:47:09,PLACED,EAST
359,,2024-09-16 13:20:43,PLACED,NORTH
360,482.0,2025-09-20 19:13:18,DELIVERED,SOUTH
361,396.0,2024-10-18 14:02:41,RETURNED,SOUTH
362,374.0,2026-01-31 00:56:20,RETURNED,WEST
363,448.0,2024-10-25 21:56:19,RETURNED,WEST
364,249.0,2025-12-08 00:22:44,RETURNED,WEST
365,439.0,2026-03-23 19:42:53,RETURNED,SOUTH
366,291.0,2025-03-11 12:06:17,PLACED,NORTH
367,143.0,2024-08-31 21:10:03,PLACED,SOUTH
368,464.0,2026-01-19 14:25:05,PLACED,NORTH
369,85.0,2025-05-13 03:09:18,SHIPPED,SOUTH
370,325.0,2024-08-03 16:00:16,SHIPPED,NORTH
371,27.0,2026-01-26 15:32:24,SHIPPED,NORTH
372,423.0,2025-09-30 07:32:11,PLACED,SOUTH
373,58.0,24-09-2004,CANCELLED,SOUTH
374,65.0,2026-05-03 09:34:03,PLACED,EAST
375,,2026-03-02 20:10:04,PLACED,SOUTH
376,218.0,2026-01-29 03:51:05,DELIVERED,EAST
377,449.0,2024-11-03 06:45:43,CANCELLED,NORTH
378,460.0,2025-02-16 11:24:43,PLACED,WEST
379,112.0,2025-10-18 13:28:16,CANCELLED,SOUTH
380,172.0,2026-05-31 08:37:25,PLACED,NORTH
381,22.0,2025-04-12 07:09:36,DELIVERED,EAST
382,402.0,2025-08-13 10:54:51,DELIVERED,SOUTH
383,216.0,2024-08-07 03:09:43,RETURNED,NORTH
384,283.0,2026-03-23 11:41:27,CANCELLED,NORTH
385,41.0,2025-03-17 04:42:10,SHIPPED,SOUTH
386,452.0,2025-02-19 07:25:40,DELIVERED,NORTH
387,153.0,2025-07-12 13:18:20,RETURNED,NORTH
388,100.0,2026-02-17 20:17:54,RETURNED,EAST
389,295.0,09-06-2013,RETURNED,EAST
390,242.0,2025-11-28 18:19:05,SHIPPED,WEST
391,33.0,2026-05-29 11:54:20,DELIVERED,SOUTH
392,480.0,05-07-2026,DELIVERED,WEST
393,388.0,2025-12-09 22:56:01,CANCELLED,WEST
394,116.0,2025-06-19 02:27:39,RETURNED,NORTH
395,4.0,2024-08-25 04:34:28,RETURNED,SOUTH
396,74.0,2024-08-01 12:48:38,SHIPPED,WEST
397,232.0,2026-02-23 09:16:35,CANCELLED,EAST
398,185.0,2026-06-08 10:47:11,PLACED,NORTH
399,94.0,2026-04-06 21:59:36,SHIPPED,NORTH
400,5.0,2025-03-19 14:27:01,CANCELLED,NORTH
401,10.0,2025-05-09 03:23:53,CANCELLED,WEST
402,434.0,2025-11-04 13:13:43,CANCELLED,SOUTH
403,476.0,2026-03-16 01:51:13,DELIVERED,NORTH
404,77.0,2025-10-28 10:21:12,CANCELLED,WEST
405,351.0,2024-11-15 22:38:01,RETURNED,NORTH
406,53.0,2025-04-29 14:50:17,CANCELLED,EAST
407,401.0,2026-06-09 12:20:21,SHIPPED,NORTH
408,,2024-10-03 02:01:49,DELIVERED,EAST
409,486.0,2024-12-13 18:25:37,RETURNED,WEST
410,93.0,2024-07-29 02:43:50,SHIPPED,SOUTH
411,400.0,2024-07-14 23:38:08,SHIPPED,WEST
412,205.0,2025-01-27 09:58:34,RETURNED,WEST
413,182.0,2026-05-10 06:19:47,DELIVERED,EAST
414,265.0,2026-05-23 19:42:02,CANCELLED,EAST
415,59.0,2026-02-21 06:41:50,RETURNED,EAST
416,64.0,2026-02-13 05:50:00,SHIPPED,EAST
417,347.0,2024-10-01 16:19:31,PLACED,EAST
418,383.0,2025-04-15 02:14:07,PLACED,SOUTH
419,261.0,09-05-1986,CANCELLED,WEST
420,329.0,2024-11-03 16:34:16,PLACED,NORTH
421,432.0,2025-01-01 17:48:17,PLACED,WEST
422,226.0,2025-03-09 06:07:03,RETURNED,NORTH
423,14.0,2025-04-21 19:54:53,RETURNED,WEST
424,157.0,2026-04-15 15:56:32,DELIVERED,EAST
425,257.0,2026-05-02 02:27:03,PLACED,NORTH
426,361.0,2024-09-20 09:14:12,DELIVERED,WEST
427,182.0,2026-04-19 19:50:37,CANCELLED,EAST
428,204.0,2024-08-01 22:33:00,RETURNED,SOUTH
429,339.0,2025-10-26 18:21:52,DELIVERED,SOUTH
430,289.0,2025-07-25 03:16:31,RETURNED,NORTH
431,482.0,2024-10-12 05:13:48,RETURNED,EAST
432,232.0,2025-11-23 08:47:18,PLACED,SOUTH
433,6.0,2026-01-17 22:08:15,PLACED,NORTH
434,405.0,2025-11-14 23:07:32,SHIPPED,SOUTH
435,245.0,2026-03-20 04:21:12,RETURNED,SOUTH
436,492.0,2025-06-02 16:51:55,CANCELLED,EAST
437,,2024-09-19 17:23:52,RETURNED,SOUTH
438,,2024-10-25 16:17:37,DELIVERED,WEST
439,159.0,2024-07-29 12:21:06,PLACED,EAST
440,35.0,2024-07-18 06:45:04,SHIPPED,NORTH
441,453.0,2024-11-20 21:33:31,SHIPPED,SOUTH
442,,2025-11-15 10:39:26,PLACED,WEST
443,153.0,2026-06-26 15:31:19,CANCELLED,WEST
444,92.0,2026-05-26 23:03:33,CANCELLED,NORTH
445,284.0,2025-03-26 03:05:36,CANCELLED,SOUTH
446,426.0,2026-01-13 12:41:56,PLACED,EAST
447,407.0,2024-12-17 17:21:21,CANCELLED,EAST
448,282.0,2024-12-05 10:19:22,CANCELLED,WEST
449,408.0,2026-03-12 23:57:46,CANCELLED,NORTH
450,399.0,2025-11-16 15:05:50,SHIPPED,EAST
451,168.0,2025-07-17 06:11:43,SHIPPED,EAST
452,250.0,2026-02-15 01:09:56,PLACED,NORTH
453,,2025-10-06 07:49:00,PLACED,EAST
454,314.0,2024-12-16 00:03:49,RETURNED,EAST
455,257.0,2024-12-18 20:42:06,SHIPPED,WEST
456,2.0,2024-08-02 14:30:42,CANCELLED,WEST
457,16.0,2026-04-21 18:39:11,RETURNED,NORTH
458,451.0,2024-08-20 00:58:53,DELIVERED,EAST
459,393.0,2025-05-13 01:12:15,SHIPPED,WEST
460,368.0,2025-02-20 10:04:08,DELIVERED,SOUTH
461,407.0,2024-12-28 05:57:46,RETURNED,NORTH
462,411.0,2025-08-27 16:11:06,CANCELLED,EAST
463,,12-04-2000,PLACED,SOUTH
464,231.0,2025-05-24 20:39:10,SHIPPED,WEST
465,460.0,2026-04-26 14:41:54,PLACED,NORTH
466,442.0,2026-05-23 10:23:23,CANCELLED,EAST
467,328.0,2024-08-09 06:09:10,PLACED,NORTH
468,300.0,2025-04-30 07:50:49,RETURNED,SOUTH
469,349.0,2026-02-27 05:21:57,SHIPPED,SOUTH
470,388.0,2025-09-23 01:52:07,RETURNED,WEST
471,162.0,2024-10-23 05:23:26,DELIVERED,EAST
472,199.0,2025-02-27 11:51:15,CANCELLED,WEST
473,255.0,2026-03-24 05:35:14,DELIVERED,WEST
474,470.0,18-07-1979,RETURNED,NORTH
475,230.0,2026-02-08 04:40:09,RETURNED,SOUTH
476,352.0,2024-07-27 10:11:29,PLACED,SOUTH
477,219.0,2026-04-17 02:28:02,RETURNED,NORTH
478,269.0,2025-02-27 13:37:56,DELIVERED,WEST
479,307.0,2025-05-31 04:53:21,SHIPPED,NORTH
480,193.0,2024-07-11 01:04:24,SHIPPED,SOUTH
481,421.0,2025-11-20 22:01:04,RETURNED,NORTH
482,152.0,2025-12-15 07:10:22,SHIPPED,EAST
483,185.0,2025-08-29 20:41:13,DELIVERED,SOUTH
484,46.0,2024-07-24 23:28:17,RETURNED,SOUTH
485,260.0,2025-11-02 12:29:21,RETURNED,SOUTH
486,207.0,2025-04-13 21:34:01,PLACED,SOUTH
487,187.0,2025-01-09 23:01:34,CANCELLED,WEST
488,499.0,2024-08-13 21:43:06,RETURNED,NORTH
489,22.0,2025-03-08 02:38:39,PLACED,SOUTH
490,63.0,2025-09-22 14:09:04,RETURNED,NORTH
491,373.0,2026-03-23 14:59:14,PLACED,EAST
492,107.0,2025-10-21 07:30:23,DELIVERED,EAST
493,14.0,2025-10-29 10:06:06,SHIPPED,SOUTH
494,113.0,2026-04-04 08:39:32,DELIVERED,NORTH
495,364.0,2025-09-24 08:14:56,RETURNED,SOUTH
496,178.0,2026-03-29 07:16:55,SHIPPED,SOUTH
497,421.0,2025-05-01 16:51:04,DELIVERED,WEST
498,445.0,2026-03-16 16:50:01,SHIPPED,WEST
499,425.0,2026-02-23 07:48:31,DELIVERED,NORTH
500,488.0,2025-01-16 01:28:58,SHIPPED,WEST
501,215.0,2025-10-11 21:07:44,DELIVERED,WEST
502,305.0,2025-12-28 21:50:54,RETURNED,EAST
503,188.0,2025-05-18 01:35:04,PLACED,NORTH
504,372.0,2025-09-26 14:37:18,RETURNED,SOUTH
505,321.0,2025-04-23 13:31:52,RETURNED,NORTH
506,87.0,2025-03-03 15:38:16,RETURNED,SOUTH
507,196.0,2025-12-10 10:22:26,SHIPPED,EAST
508,370.0,2025-04-30 07:06:11,SHIPPED,WEST
509,64.0,2024-12-13 20:49:35,PLACED,WEST
510,172.0,2025-04-15 15:38:32,CANCELLED,NORTH
511,237.0,2025-03-21 05:58:47,DELIVERED,EAST
512,309.0,2024-07-15 16:40:05,CANCELLED,EAST
513,116.0,2025-12-29 22:31:25,PLACED,SOUTH
514,42.0,2024-12-27 15:45:46,PLACED,WEST
515,137.0,2025-01-03 21:38:57,RETURNED,NORTH
516,1.0,2024-10-23 23:27:09,PLACED,WEST
517,83.0,2025-12-19 04:30:27,SHIPPED,SOUTH
518,159.0,02-08-2008,DELIVERED,NORTH
519,491.0,2026-01-08 03:45:20,PLACED,NORTH
520,497.0,2025-05-26 21:28:12,DELIVERED,WEST
521,162.0,2024-12-21 05:54:50,PLACED,EAST
522,271.0,2025-07-24 22:31:32,RETURNED,EAST
523,184.0,2025-08-30 02:21:52,SHIPPED,WEST
524,229.0,2024-07-16 06:24:14,DELIVERED,SOUTH
525,6.0,24-01-1989,CANCELLED,SOUTH
526,300.0,2026-03-05 21:09:22,DELIVERED,SOUTH
527,362.0,2025-03-09 13:42:25,SHIPPED,EAST
528,286.0,2026-04-06 00:29:43,DELIVERED,EAST
529,274.0,2025-11-20 12:41:03,RETURNED,SOUTH
530,72.0,2024-11-16 13:46:03,SHIPPED,WEST
531,384.0,2025-04-12 17:04:29,RETURNED,EAST
532,474.0,2024-11-15 04:52:08,SHIPPED,EAST
533,387.0,2024-12-12 03:07:57,SHIPPED,WEST
534,493.0,2026-03-31 17:21:32,SHIPPED,NORTH
535,318.0,2024-09-30 03:25:37,DELIVERED,WEST
536,8.0,2024-12-10 16:46:43,DELIVERED,WEST
537,487.0,2026-03-26 14:51:24,RETURNED,EAST
538,69.0,2024-12-19 19:22:22,CANCELLED,EAST
539,447.0,2025-08-26 19:21:13,CANCELLED,WEST
540,62.0,2024-10-13 05:46:53,RETURNED,WEST
541,474.0,2025-02-25 03:53:59,CANCELLED,EAST
542,490.0,2025-03-10 02:32:02,RETURNED,EAST
543,148.0,19-11-1973,SHIPPED,WEST
544,245.0,2026-02-12 09:39:20,RETURNED,NORTH
545,12.0,15-11-1974,PLACED,EAST
546,474.0,2026-02-03 05:40:01,SHIPPED,EAST
547,344.0,2025-11-12 21:22:06,RETURNED,NORTH
548,468.0,2025-02-22 01:57:38,DELIVERED,NORTH
549,,03-02-1997,DELIVERED,EAST
550,439.0,2026-03-28 04:45:36,PLACED,EAST
551,392.0,2025-02-18 11:43:49,SHIPPED,WEST
552,215.0,2025-01-30 00:33:39,DELIVERED,NORTH
553,454.0,2026-05-11 21:59:43,DELIVERED,SOUTH
554,320.0,2024-12-04 12:23:06,DELIVERED,SOUTH
555,354.0,2024-12-24 07:24:36,RETURNED,SOUTH
556,276.0,18-02-2002,CANCELLED,NORTH
557,152.0,2025-12-21 05:27:19,DELIVERED,SOUTH
558,289.0,27-05-2023,RETURNED,EAST
559,87.0,2025-08-09 13:34:52,DELIVERED,EAST
560,455.0,2025-12-24 17:03:35,CANCELLED,NORTH
561,244.0,2024-11-22 17:34:55,RETURNED,EAST
562,259.0,2024-08-24 14:07:28,CANCELLED,SOUTH
563,215.0,2026-04-22 00:29:42,SHIPPED,NORTH
564,457.0,2026-05-06 01:22:06,CANCELLED,WEST
565,420.0,2025-04-02 07:32:53,RETURNED,WEST
566,89.0,2025-03-27 13:50:57,SHIPPED,SOUTH
567,166.0,2025-10-11 02:56:38,RETURNED,WEST
568,82.0,2024-08-12 15:17:46,PLACED,WEST
569,137.0,2025-07-05 16:53:19,SHIPPED,SOUTH
570,433.0,2026-01-12 10:54:53,CANCELLED,NORTH
571,16.0,2024-11-03 01:37:24,SHIPPED,WEST
572,243.0,2025-05-24 06:27:52,PLACED,NORTH
573,29.0,2026-07-08 18:36:56,DELIVERED,SOUTH
574,347.0,2025-04-27 13:39:02,DELIVERED,NORTH
575,477.0,2024-11-08 08:09:08,DELIVERED,WEST
576,124.0,2025-07-23 05:39:50,RETURNED,NORTH
577,149.0,2026-06-13 05:13:30,SHIPPED,NORTH
578,204.0,2025-06-19 01:02:20,PLACED,WEST
579,406.0,2025-07-07 17:31:35,DELIVERED,SOUTH
580,282.0,2024-11-30 13:15:35,DELIVERED,WEST
581,423.0,2025-10-12 12:14:32,PLACED,WEST
582,492.0,2024-12-05 20:39:51,DELIVERED,SOUTH
583,378.0,2025-09-04 04:02:12,SHIPPED,EAST
584,380.0,2025-11-09 07:46:13,DELIVERED,NORTH
585,,2024-09-23 02:53:22,CANCELLED,EAST
586,233.0,03-09-1981,RETURNED,EAST
587,386.0,2026-04-09 12:51:23,RETURNED,NORTH
588,143.0,2025-11-03 00:32:44,SHIPPED,EAST
589,211.0,2024-12-03 20:37:23,RETURNED,NORTH
590,153.0,2025-09-04 13:28:43,DELIVERED,WEST
591,355.0,2026-02-17 19:14:22,DELIVERED,NORTH
592,70.0,2025-08-14 04:34:38,SHIPPED,SOUTH
593,,2024-12-11 03:55:14,SHIPPED,WEST
594,85.0,2025-09-24 18:01:35,SHIPPED,NORTH
595,280.0,2026-07-02 13:44:50,RETURNED,NORTH
596,386.0,2026-04-30 02:19:02,DELIVERED,EAST
597,385.0,2026-01-11 15:59:02,RETURNED,EAST
598,6.0,2025-02-19 22:02:13,PLACED,WEST
599,190.0,2025-08-11 05:34:09,RETURNED,NORTH
600,134.0,2024-09-15 01:27:42,PLACED,WEST
601,,2024-07-30 12:19:26,SHIPPED,NORTH
602,312.0,2024-08-12 15:16:13,RETURNED,WEST
603,150.0,2025-12-15 08:32:43,PLACED,EAST
604,367.0,2025-07-25 15:40:01,DELIVERED,WEST
605,378.0,2025-09-25 18:23:56,DELIVERED,EAST
606,406.0,2026-01-20 05:22:26,DELIVERED,WEST
607,239.0,2026-06-09 13:42:16,SHIPPED,NORTH
608,156.0,2026-04-25 17:34:08,PLACED,SOUTH
609,264.0,2026-03-04 09:43:21,RETURNED,EAST
610,481.0,2024-07-28 00:49:11,PLACED,SOUTH
611,,2025-04-08 22:47:54,SHIPPED,WEST
612,384.0,2024-09-28 00:55:56,CANCELLED,SOUTH
613,13.0,2025-08-28 18:28:44,CANCELLED,NORTH
614,457.0,2026-06-15 12:49:30,DELIVERED,SOUTH
615,234.0,2025-08-31 01:06:16,CANCELLED,SOUTH
616,443.0,2024-09-03 17:51:53,SHIPPED,SOUTH
617,487.0,2026-04-28 18:07:25,RETURNED,SOUTH
618,347.0,2025-09-04 10:58:39,CANCELLED,EAST
619,223.0,2025-07-18 15:33:51,PLACED,NORTH
620,138.0,2025-11-04 21:14:31,CANCELLED,NORTH
621,230.0,2025-03-08 16:11:59,SHIPPED,WEST
622,423.0,2025-03-15 02:29:49,PLACED,WEST
623,224.0,2025-09-25 04:29:53,SHIPPED,WEST
624,322.0,2024-11-29 11:35:42,RETURNED,NORTH
625,230.0,2025-10-31 22:33:29,SHIPPED,SOUTH
626,330.0,2025-03-29 17:37:19,SHIPPED,SOUTH
627,266.0,2025-02-10 20:56:06,PLACED,SOUTH
628,413.0,2025-11-02 13:51:17,RETURNED,NORTH
629,,2026-03-03 22:34:15,SHIPPED,SOUTH
630,393.0,2025-01-18 07:51:37,CANCELLED,EAST
631,393.0,2025-09-27 07:16:48,DELIVERED,WEST
632,490.0,2025-02-16 09:58:15,CANCELLED,WEST
633,366.0,2025-10-28 22:20:42,CANCELLED,NORTH
634,422.0,2024-10-28 04:23:28,PLACED,NORTH
635,205.0,2025-04-12 22:08:57,PLACED,WEST
636,492.0,2026-03-17 19:55:11,DELIVERED,WEST
637,209.0,2025-03-27 23:11:41,SHIPPED,SOUTH
638,354.0,2025-12-18 02:16:28,DELIVERED,SOUTH
639,420.0,2026-01-09 13:47:08,PLACED,WEST
640,102.0,2025-12-28 04:21:42,PLACED,WEST
641,287.0,2025-05-22 09:01:47,RETURNED,SOUTH
642,204.0,2024-10-08 12:51:29,PLACED,SOUTH
643,282.0,2025-09-09 14:57:35,CANCELLED,NORTH
644,328.0,2025-08-06 00:59:55,DELIVERED,NORTH
645,394.0,2025-08-02 12:00:32,SHIPPED,WEST
646,232.0,2024-10-10 06:47:52,RETURNED,EAST
647,448.0,2024-10-30 15:53:28,CANCELLED,NORTH
648,280.0,2025-08-06 20:35:22,PLACED,WEST
649,278.0,2025-09-03 18:57:26,DELIVERED,NORTH
650,320.0,08-03-2008,RETURNED,EAST
651,174.0,2025-01-03 21:42:37,DELIVERED,SOUTH
652,198.0,2024-10-04 09:36:27,DELIVERED,WEST
653,,2026-04-12 01:44:30,SHIPPED,SOUTH
654,,2026-03-21 05:23:19,DELIVERED,WEST
655,10.0,2025-07-21 21:52:17,RETURNED,NORTH
656,454.0,2025-09-06 08:33:32,SHIPPED,WEST
657,385.0,2025-09-23 15:27:12,PLACED,SOUTH
658,174.0,2024-09-23 19:49:19,RETURNED,SOUTH
659,258.0,2024-09-17 23:16:58,CANCELLED,NORTH
660,287.0,2026-04-29 10:42:57,CANCELLED,SOUTH
661,61.0,2025-06-05 22:05:51,SHIPPED,WEST
662,80.0,2025-01-09 06:47:03,SHIPPED,NORTH
663,460.0,2026-01-01 14:18:30,RETURNED,NORTH
664,393.0,2026-05-22 08:53:35,DELIVERED,EAST
665,178.0,2024-08-06 06:19:04,RETURNED,EAST
666,92.0,2026-06-12 07:08:20,CANCELLED,EAST
667,380.0,2026-05-08 13:55:04,SHIPPED,WEST
668,130.0,2024-08-09 04:05:17,PLACED,NORTH
669,359.0,2025-02-11 14:37:57,DELIVERED,NORTH
670,381.0,2025-06-24 04:55:13,PLACED,EAST
671,197.0,2026-01-06 22:58:14,CANCELLED,EAST
672,53.0,2026-01-10 02:02:35,RETURNED,EAST
673,363.0,2024-12-07 23:36:43,RETURNED,NORTH
674,223.0,2025-07-09 07:49:09,CANCELLED,EAST
675,104.0,2026-01-01 22:06:03,RETURNED,SOUTH
676,225.0,2025-03-09 13:57:40,PLACED,NORTH
677,488.0,2025-02-10 17:51:19,RETURNED,SOUTH
678,434.0,2025-11-02 03:54:13,DELIVERED,SOUTH
679,178.0,2025-07-13 03:43:42,CANCELLED,WEST
680,223.0,2025-02-07 03:11:43,PLACED,SOUTH
681,198.0,2025-12-09 12:12:20,DELIVERED,SOUTH
682,201.0,2026-05-05 00:10:20,SHIPPED,SOUTH
683,169.0,2025-06-16 22:18:46,RETURNED,EAST
684,481.0,2025-04-29 17:29:35,PLACED,SOUTH
685,305.0,2026-04-16 12:53:25,PLACED,SOUTH
686,385.0,2025-07-11 19:08:59,CANCELLED,WEST
687,384.0,2024-08-15 03:47:23,DELIVERED,EAST
688,416.0,2024-12-28 07:52:56,PLACED,WEST
689,472.0,2025-10-03 20:42:23,PLACED,NORTH
690,67.0,2026-04-16 07:37:53,CANCELLED,NORTH
691,110.0,2025-08-18 02:14:49,CANCELLED,WEST
692,74.0,2025-02-19 19:57:30,CANCELLED,SOUTH
693,166.0,2025-01-05 03:11:18,PLACED,NORTH
694,412.0,2025-09-04 07:30:54,CANCELLED,SOUTH
695,341.0,2026-05-08 10:31:45,SHIPPED,WEST
696,418.0,2026-03-16 18:54:05,DELIVERED,EAST
697,302.0,2025-04-17 19:40:16,PLACED,NORTH
698,411.0,2025-04-02 14:50:40,RETURNED,WEST
699,483.0,2024-07-15 13:16:56,RETURNED,EAST
700,483.0,2026-07-05 14:39:04,SHIPPED,SOUTH
701,48.0,2024-11-01 02:02:11,DELIVERED,WEST
702,230.0,2026-01-21 20:21:40,DELIVERED,SOUTH
703,460.0,2026-06-20 03:47:53,DELIVERED,NORTH
704,182.0,2026-03-25 05:41:02,DELIVERED,NORTH
705,497.0,2026-04-19 08:22:29,CANCELLED,EAST
706,406.0,18-01-1972,DELIVERED,EAST
707,234.0,2024-08-28 15:32:58,CANCELLED,SOUTH
708,359.0,2026-06-30 18:06:17,CANCELLED,EAST
709,31.0,2025-03-10 20:49:33,SHIPPED,NORTH
710,124.0,2026-02-03 08:58:23,PLACED,SOUTH
711,264.0,2024-12-31 01:21:28,CANCELLED,NORTH
712,460.0,2024-11-16 04:00:37,PLACED,NORTH
713,41.0,2026-03-24 07:17:48,PLACED,WEST
714,267.0,2024-09-17 22:37:48,PLACED,NORTH
715,359.0,2026-06-19 19:28:27,PLACED,EAST
716,185.0,2025-07-07 08:48:36,PLACED,SOUTH
717,379.0,2026-01-31 07:31:52,RETURNED,WEST
718,34.0,2026-02-11 16:47:37,CANCELLED,SOUTH
719,455.0,2025-09-04 15:25:23,DELIVERED,WEST
720,493.0,2025-07-19 09:17:20,PLACED,WEST
721,23.0,2025-07-23 20:25:51,PLACED,SOUTH
722,371.0,2025-01-15 19:12:20,DELIVERED,SOUTH
723,423.0,2025-06-06 16:28:29,PLACED,NORTH
724,271.0,25-02-1971,DELIVERED,NORTH
725,348.0,2024-09-02 22:52:14,RETURNED,NORTH
726,271.0,2025-08-11 19:37:32,RETURNED,EAST
727,,2025-10-08 19:56:52,DELIVERED,SOUTH
728,192.0,2025-05-14 04:54:12,RETURNED,WEST
729,282.0,2025-03-04 19:52:17,PLACED,SOUTH
730,263.0,2024-09-25 04:55:59,RETURNED,WEST
731,27.0,2026-03-16 00:00:05,DELIVERED,NORTH
732,449.0,2025-03-19 00:28:11,SHIPPED,WEST
733,180.0,2025-02-05 12:37:05,RETURNED,SOUTH
734,496.0,2025-04-29 13:11:37,DELIVERED,NORTH
735,58.0,2024-12-14 19:05:39,SHIPPED,EAST
736,275.0,2026-04-27 12:45:25,PLACED,EAST
737,447.0,2025-02-14 00:59:20,RETURNED,SOUTH
738,220.0,2025-08-16 19:30:09,RETURNED,WEST
739,439.0,2025-07-03 00:59:55,DELIVERED,WEST
740,306.0,17-11-1998,SHIPPED,EAST
741,332.0,2024-11-23 01:12:00,CANCELLED,NORTH
742,,2025-06-16 11:34:58,DELIVERED,EAST
743,318.0,2025-12-23 17:42:10,PLACED,WEST
744,310.0,2025-10-09 14:25:59,PLACED,NORTH
745,403.0,25-09-1997,SHIPPED,NORTH
746,,2025-11-01 23:45:48,PLACED,SOUTH
747,96.0,2025-02-24 03:20:53,CANCELLED,NORTH
748,65.0,2025-04-29 08:47:26,RETURNED,EAST
749,383.0,2025-03-16 08:24:45,PLACED,SOUTH
750,332.0,2025-05-23 10:16:05,CANCELLED,NORTH
751,154.0,2026-01-24 15:18:32,SHIPPED,NORTH
752,83.0,2025-07-04 22:47:41,CANCELLED,NORTH
753,488.0,2025-09-28 23:57:03,PLACED,NORTH
754,153.0,2025-04-27 01:21:14,PLACED,WEST
755,329.0,2024-07-30 17:36:17,CANCELLED,SOUTH
756,144.0,2025-12-09 10:13:30,DELIVERED,EAST
757,91.0,2025-05-13 13:22:14,DELIVERED,WEST
758,270.0,2025-04-12 16:28:41,SHIPPED,NORTH
759,406.0,2025-10-15 05:58:10,DELIVERED,WEST
760,304.0,01-11-1982,DELIVERED,SOUTH
761,204.0,2026-05-31 12:40:23,CANCELLED,WEST
762,452.0,05-12-1995,CANCELLED,SOUTH
763,134.0,2025-01-12 13:00:11,RETURNED,EAST
764,1.0,2026-01-06 05:54:15,CANCELLED,NORTH
765,51.0,2025-04-05 16:16:27,RETURNED,WEST
766,308.0,2025-12-31 09:40:02,CANCELLED,WEST
767,119.0,2025-12-16 16:03:50,CANCELLED,SOUTH
768,201.0,2026-01-28 09:32:06,DELIVERED,SOUTH
769,426.0,2025-06-17 20:13:33,PLACED,WEST
770,244.0,2025-05-02 00:59:39,PLACED,WEST
771,370.0,2025-02-08 20:17:06,RETURNED,SOUTH
772,414.0,2026-02-05 00:53:44,SHIPPED,EAST
773,224.0,2026-07-05 10:18:44,CANCELLED,NORTH
774,,2025-11-26 23:41:28,RETURNED,EAST
775,300.0,2024-08-10 18:26:41,PLACED,NORTH
776,102.0,2026-03-22 05:49:56,RETURNED,WEST
777,367.0,2025-06-22 04:11:16,RETURNED,NORTH
778,498.0,2025-08-02 06:06:01,PLACED,NORTH
779,385.0,2024-10-10 23:32:56,DELIVERED,EAST
780,117.0,2025-05-06 11:16:11,PLACED,WEST
781,313.0,2025-04-01 21:28:08,SHIPPED,EAST
782,230.0,2024-07-25 01:52:42,PLACED,SOUTH
783,,2026-05-03 03:39:05,DELIVERED,WEST
784,340.0,2024-07-22 20:52:19,CANCELLED,WEST
785,102.0,17-01-2022,SHIPPED,SOUTH
786,187.0,2026-06-03 12:28:05,CANCELLED,SOUTH
787,473.0,2024-12-07 08:28:06,PLACED,SOUTH
788,13.0,2026-04-14 05:47:39,DELIVERED,SOUTH
789,54.0,2024-11-01 07:31:48,DELIVERED,WEST
790,463.0,2026-02-02 11:11:05,CANCELLED,SOUTH
791,168.0,02-05-2015,PLACED,WEST
792,26.0,2026-07-05 16:35:29,RETURNED,SOUTH
793,295.0,2025-03-22 21:52:04,SHIPPED,NORTH
794,495.0,2025-03-08 06:47:38,RETURNED,WEST
795,279.0,2024-10-17 14:23:47,SHIPPED,NORTH
796,360.0,2025-02-04 16:31:48,PLACED,SOUTH
797,242.0,2025-06-07 02:25:58,CANCELLED,NORTH
798,465.0,2025-11-03 20:15:55,SHIPPED,EAST
799,406.0,2026-03-30 06:13:00,RETURNED,NORTH
800,456.0,2026-04-23 21:11:27,RETURNED,EAST
801,172.0,2025-01-06 07:46:06,RETURNED,WEST
802,143.0,2025-12-26 06:20:51,PLACED,NORTH
803,286.0,2024-12-28 08:21:59,SHIPPED,WEST
804,459.0,2025-03-04 15:06:17,CANCELLED,WEST
805,330.0,27-03-2011,CANCELLED,NORTH
806,474.0,2025-02-13 03:03:28,CANCELLED,NORTH
807,48.0,07-04-1973,CANCELLED,SOUTH
808,308.0,2025-09-27 22:04:38,SHIPPED,NORTH
809,292.0,2026-03-04 20:05:13,SHIPPED,WEST
810,179.0,2025-05-29 04:50:55,CANCELLED,EAST
811,101.0,2026-04-28 00:00:49,SHIPPED,EAST
812,167.0,2025-11-30 20:03:57,CANCELLED,WEST
813,208.0,2024-11-15 15:39:19,PLACED,WEST
814,427.0,2024-08-06 15:00:37,RETURNED,EAST
815,277.0,2025-02-18 16:13:11,RETURNED,WEST
816,282.0,2025-03-08 13:36:02,DELIVERED,NORTH
817,333.0,2025-08-29 04:05:26,SHIPPED,SOUTH
818,459.0,2025-08-18 22:38:03,PLACED,SOUTH
819,416.0,2024-08-20 19:27:37,CANCELLED,WEST
820,219.0,2026-04-10 03:51:33,SHIPPED,SOUTH
821,242.0,2025-09-07 20:26:23,RETURNED,SOUTH
822,440.0,2024-09-27 08:09:57,SHIPPED,WEST
823,224.0,2025-11-04 11:16:45,CANCELLED,SOUTH
824,199.0,2025-03-30 12:00:46,PLACED,WEST
825,472.0,2025-01-27 01:45:28,RETURNED,WEST
826,421.0,2024-09-13 17:57:59,SHIPPED,NORTH
827,239.0,2025-09-20 14:37:23,PLACED,NORTH
828,232.0,2025-10-09 00:10:45,PLACED,EAST
829,391.0,2026-05-12 19:19:48,CANCELLED,EAST
830,42.0,2025-12-05 00:48:11,RETURNED,SOUTH
831,64.0,2025-08-24 05:03:20,RETURNED,SOUTH
832,442.0,2025-10-15 12:51:36,PLACED,EAST
833,481.0,2025-09-03 04:39:55,PLACED,SOUTH
834,180.0,2025-09-29 08:38:25,SHIPPED,NORTH
835,87.0,2025-11-10 21:57:15,PLACED,EAST
836,327.0,2026-01-12 16:07:01,PLACED,WEST
837,130.0,2024-10-07 20:14:07,DELIVERED,WEST
838,372.0,2025-10-25 14:37:21,SHIPPED,EAST
839,183.0,2026-01-06 17:27:57,DELIVERED,WEST
840,425.0,2025-03-10 14:14:29,RETURNED,EAST
841,,2025-09-15 08:00:39,DELIVERED,EAST
842,167.0,2025-08-18 15:27:40,DELIVERED,EAST
843,69.0,2025-03-16 10:14:50,SHIPPED,EAST
844,104.0,2024-11-20 01:13:47,PLACED,EAST
845,53.0,2025-10-22 15:35:38,CANCELLED,NORTH
846,292.0,2025-07-10 08:07:07,RETURNED,EAST
847,303.0,2025-02-09 10:53:14,DELIVERED,NORTH
848,184.0,2024-10-17 01:35:35,RETURNED,WEST
849,358.0,06-01-2014,DELIVERED,NORTH
850,159.0,2025-04-16 01:52:12,CANCELLED,EAST
851,185.0,2025-04-07 08:17:05,SHIPPED,WEST
852,1.0,2025-04-23 21:18:58,DELIVERED,WEST
853,121.0,2024-08-03 12:57:04,RETURNED,SOUTH
854,330.0,2026-01-20 01:48:56,DELIVERED,EAST
855,186.0,2024-09-28 02:46:44,RETURNED,WEST
856,157.0,2025-09-15 18:23:23,RETURNED,NORTH
857,82.0,2025-12-30 00:58:40,RETURNED,NORTH
858,47.0,2025-09-16 12:41:03,RETURNED,NORTH
859,429.0,2024-07-29 07:46:49,CANCELLED,SOUTH
860,295.0,2025-12-25 10:01:47,RETURNED,EAST
861,477.0,2025-06-08 21:36:37,CANCELLED,WEST
862,296.0,2025-06-16 22:04:52,PLACED,SOUTH
863,248.0,2025-09-03 04:01:19,CANCELLED,WEST
864,69.0,2024-11-17 15:42:34,PLACED,WEST
865,209.0,2025-07-04 21:46:04,DELIVERED,EAST
866,327.0,2025-08-23 08:24:13,RETURNED,WEST
867,249.0,2025-02-17 23:10:46,CANCELLED,EAST
868,423.0,2024-09-28 17:19:06,CANCELLED,SOUTH
869,130.0,2025-02-12 07:30:04,CANCELLED,SOUTH
870,425.0,2024-09-21 00:14:50,PLACED,WEST
871,269.0,2024-11-14 18:56:14,PLACED,SOUTH
872,,2025-03-21 21:05:14,SHIPPED,WEST
873,446.0,2025-01-03 02:19:19,CANCELLED,SOUTH
874,348.0,2026-04-13 08:44:47,SHIPPED,SOUTH
875,290.0,04-11-1978,SHIPPED,SOUTH
876,201.0,2025-03-19 01:03:24,CANCELLED,SOUTH
877,360.0,2025-03-14 15:47:46,DELIVERED,SOUTH
878,440.0,2025-04-16 00:16:37,RETURNED,SOUTH
879,426.0,2025-04-16 19:17:17,CANCELLED,SOUTH
880,415.0,2026-03-18 12:48:06,DELIVERED,NORTH
881,143.0,2026-04-05 20:18:26,CANCELLED,NORTH
882,444.0,2025-03-08 14:27:13,DELIVERED,SOUTH
883,220.0,2025-01-13 02:40:41,DELIVERED,NORTH
884,80.0,2025-06-04 17:20:52,PLACED,WEST
885,129.0,2024-11-21 13:17:40,CANCELLED,SOUTH
886,358.0,2025-04-09 18:26:00,DELIVERED,EAST
887,120.0,2025-01-08 21:14:04,DELIVERED,SOUTH
888,455.0,11-11-2019,RETURNED,NORTH
889,257.0,2024-10-10 01:55:39,RETURNED,NORTH
890,,2025-06-03 11:11:51,SHIPPED,NORTH
891,391.0,2025-03-05 02:28:05,RETURNED,SOUTH
892,11.0,2025-04-08 06:48:50,DELIVERED,SOUTH
893,88.0,2025-12-01 06:37:12,PLACED,SOUTH
894,334.0,2026-06-05 23:48:46,CANCELLED,SOUTH
895,360.0,2025-09-17 14:51:03,SHIPPED,WEST
896,441.0,2025-11-08 15:00:30,DELIVERED,NORTH
897,65.0,2025-06-26 16:15:13,DELIVERED,WEST
898,112.0,2025-05-29 22:31:57,DELIVERED,SOUTH
899,93.0,2025-01-14 15:31:38,DELIVERED,WEST
900,407.0,2025-08-30 23:54:48,SHIPPED,NORTH
901,74.0,2024-08-16 19:08:55,CANCELLED,NORTH
902,337.0,2025-03-02 09:20:26,CANCELLED,EAST
903,356.0,2025-04-28 00:48:45,SHIPPED,SOUTH
904,71.0,2026-05-09 22:38:49,SHIPPED,SOUTH
905,135.0,2026-01-23 17:40:42,PLACED,WEST
906,490.0,2025-10-06 03:33:34,DELIVERED,EAST
907,112.0,2024-09-26 06:42:12,DELIVERED,WEST
908,469.0,2026-04-25 00:54:45,DELIVERED,EAST
909,142.0,02-10-2023,RETURNED,WEST
910,373.0,2025-09-26 17:18:29,RETURNED,SOUTH
911,328.0,2026-05-04 01:05:32,RETURNED,SOUTH
912,274.0,2025-09-15 19:26:31,SHIPPED,WEST
913,239.0,2024-11-18 20:13:57,PLACED,SOUTH
914,440.0,2024-12-08 17:29:36,PLACED,EAST
915,364.0,2025-10-27 09:30:42,PLACED,NORTH
916,,2025-11-13 00:21:08,SHIPPED,SOUTH
917,,2026-01-30 00:05:53,SHIPPED,WEST
918,436.0,2025-01-02 22:03:26,DELIVERED,EAST
919,84.0,2025-08-28 08:54:23,SHIPPED,EAST
920,350.0,2025-08-25 21:34:51,SHIPPED,EAST
921,146.0,2025-10-21 06:36:25,DELIVERED,NORTH
922,443.0,2025-09-17 17:31:57,DELIVERED,WEST
923,355.0,2026-05-05 20:16:24,RETURNED,WEST
924,410.0,2024-12-15 20:03:05,CANCELLED,EAST
925,90.0,2025-02-06 04:48:43,CANCELLED,EAST
926,391.0,2024-12-29 13:43:46,SHIPPED,SOUTH
927,331.0,2025-10-09 08:43:19,DELIVERED,NORTH
928,424.0,2026-06-27 23:48:14,SHIPPED,EAST
929,125.0,2025-09-25 00:36:35,CANCELLED,EAST
930,89.0,2025-01-26 07:29:53,RETURNED,EAST
931,455.0,2026-03-30 19:16:50,DELIVERED,WEST
932,258.0,2026-05-12 06:40:37,DELIVERED,WEST
933,294.0,2026-02-13 04:56:30,PLACED,EAST
934,464.0,2024-10-21 20:14:02,DELIVERED,NORTH
935,,2026-07-10 10:05:38,CANCELLED,WEST
936,112.0,2025-01-04 16:01:39,CANCELLED,WEST
937,426.0,2024-09-20 20:31:17,CANCELLED,SOUTH
938,226.0,2026-01-03 00:18:13,DELIVERED,NORTH
939,37.0,2025-08-09 08:47:45,SHIPPED,EAST
940,201.0,2024-08-08 00:06:50,PLACED,EAST
941,255.0,2024-07-11 23:07:59,CANCELLED,EAST
942,99.0,2024-08-17 19:48:40,CANCELLED,NORTH
943,65.0,2025-01-19 07:01:48,DELIVERED,EAST
944,394.0,2025-12-20 19:10:05,CANCELLED,SOUTH
945,345.0,2025-10-26 15:50:07,DELIVERED,WEST
946,77.0,2025-10-08 12:43:05,RETURNED,WEST
947,379.0,27-10-2016,CANCELLED,NORTH
948,64.0,2025-04-09 14:07:44,PLACED,WEST
949,161.0,2025-11-09 00:37:20,RETURNED,WEST
950,76.0,2025-03-15 21:07:09,SHIPPED,SOUTH
951,476.0,2025-12-01 01:08:02,SHIPPED,NORTH
952,347.0,2026-05-23 07:08:13,RETURNED,WEST
953,195.0,2025-06-30 02:48:44,CANCELLED,NORTH
954,462.0,2025-09-11 11:55:27,DELIVERED,EAST
955,199.0,2025-02-12 05:57:53,CANCELLED,EAST
956,446.0,2026-02-27 06:00:48,RETURNED,NORTH
957,306.0,2025-12-15 20:41:19,RETURNED,WEST
958,40.0,2025-03-13 21:45:25,SHIPPED,NORTH
959,51.0,2025-03-24 22:07:39,RETURNED,WEST
960,59.0,2024-12-06 02:44:01,CANCELLED,WEST
961,230.0,2025-04-03 15:01:36,PLACED,WEST
962,420.0,2025-10-03 06:39:07,SHIPPED,NORTH
963,385.0,2025-03-22 18:46:15,SHIPPED,WEST
964,91.0,2026-01-13 22:38:45,CANCELLED,WEST
965,135.0,2025-05-04 08:58:31,CANCELLED,SOUTH
966,,2025-01-13 04:50:59,SHIPPED,WEST
967,143.0,2024-07-19 15:23:21,DELIVERED,WEST
968,455.0,2025-02-17 03:06:18,PLACED,WEST
969,429.0,2024-09-02 07:00:01,PLACED,NORTH
970,,2025-01-07 19:06:00,SHIPPED,SOUTH
971,196.0,2025-01-28 15:41:28,DELIVERED,SOUTH
972,47.0,29-11-1990,CANCELLED,NORTH
973,263.0,2025-03-24 17:35:30,DELIVERED,SOUTH
974,198.0,2025-03-08 12:46:18,RETURNED,NORTH
975,391.0,2025-06-14 12:57:38,PLACED,WEST
976,116.0,2025-05-03 13:51:24,RETURNED,EAST
977,409.0,2025-12-13 10:45:15,CANCELLED,NORTH
978,197.0,2026-02-13 06:05:24,SHIPPED,WEST
979,315.0,2025-06-15 06:35:33,SHIPPED,EAST
980,84.0,19-01-1996,PLACED,EAST
981,479.0,25-01-1970,PLACED,NORTH
982,177.0,2024-12-08 03:41:10,RETURNED,NORTH
983,77.0,2026-06-10 08:15:29,CANCELLED,NORTH
984,324.0,2026-02-10 17:27:53,CANCELLED,NORTH
985,188.0,2025-02-07 21:18:40,RETURNED,NORTH
986,221.0,2024-10-18 02:25:49,RETURNED,NORTH
987,35.0,2025-02-11 21:07:27,CANCELLED,SOUTH
988,,2026-05-14 06:01:00,PLACED,WEST
989,451.0,2026-06-21 02:21:09,SHIPPED,SOUTH
990,20.0,2024-11-29 00:24:34,DELIVERED,EAST
991,219.0,2025-01-20 17:38:56,SHIPPED,WEST
992,,01-10-1988,CANCELLED,SOUTH
993,325.0,2025-12-16 16:04:31,SHIPPED,EAST
994,203.0,2025-02-05 13:09:27,CANCELLED,WEST
995,161.0,2025-03-24 17:07:10,DELIVERED,SOUTH
996,242.0,2026-03-26 23:09:47,CANCELLED,SOUTH
997,440.0,2026-01-05 05:39:20,DELIVERED,NORTH
998,,2025-03-29 08:11:18,DELIVERED,SOUTH
999,127.0,2024-08-29 18:06:08,RETURNED,WEST
1000,151.0,2026-04-27 08:03:01,CANCELLED,NORTH
90,329.0,2025-10-04 06:45:50,SHIPPED,WEST
966,,2025-01-13 04:50:59,SHIPPED,WEST
531,384.0,2025-04-12 17:04:29,RETURNED,EAST
180,170.0,2026-05-16 06:28:59,CANCELLED,NORTH
340,65.0,2025-01-30 18:28:05,CANCELLED,WEST
152,51.0,2025-04-13 14:21:45,CANCELLED,NORTH
71,382.0,2025-05-28 03:27:46,CANCELLED,SOUTH
544,245.0,2026-02-12 09:39:20,RETURNED,NORTH
123,258.0,2024-12-27 19:44:36,RETURNED,EAST
137,498.0,10-03-1994,SHIPPED,NORTH
