item_id,order_id,product_id,quantity,unit_price,discount_percent
1,935,428,2,4029,69
2,192,475,3,4063,61
3,524,4,5,944,50
4,312,447,3,4205,55
5,45,272,5,4541,87
6,379,413,3,665,49
7,796,404,2,3523,43
8,635,180,1,2018,38
9,920,369,1,1874,75
10,694,455,1,4877,96
11,287,89,1,3557,60
12,489,354,3,1071,98
13,890,450,1,133,10
14,425,52,4,3380,26
15,5661,399,1,1991,100
16,694,357,3,3484,33
17,48,306,-2,689,0
18,501,378,2,1037,2
19,642,425,5,1073,73
20,5592,136,2,4181,18
21,144,232,5,4625,82
22,348,359,5,2623,58
23,691,210,3,850,47
24,914,111,1,858,80
25,539,163,5,4580,89
26,931,15,3,1109,51
27,1000,32,4,1588,18
28,200,301,3,2695,96
29,908,323,5,2800,88
30,394,129,3,4932,61
31,194,445,2,3543,23
32,863,30,5,1340,80
33,18,17,3,3178,22
34,127,388,2,4055,23
35,191,108,3,2615,77
36,376,248,1,1289,27
37,487,361,2,2093,14
38,326,436,5,776,42
39,653,57,3,1620,66
40,467,350,-3,3027,10
41,91,456,3,3041,19
42,63,46,5,3681,12
43,342,420,2,4436,86
44,703,362,5,3424,31
45,976,222,3,3362,59
46,92,222,1,428,65
47,801,14,3,137,79
48,770,172,3,3292,65
49,439,192,5,1672,56
50,827,438,3,1165,55
51,309,255,2,4407,44
52,352,260,3,2733,22
53,67,360,3,406,50
54,276,491,1,2503,85
55,965,327,3,3763,48
56,548,342,3,3296,14
57,580,100,3,1661,70
58,477,430,1,4576,19
59,884,292,2,2297,3
60,137,438,3,2721,61
61,692,266,3,1252,73
62,314,405,1,1828,15
63,257,138,2,1012,57
64,691,18,4,743,74
65,466,79,3,520,62
66,416,381,2,2938,68
67,287,53,5,191,5
68,264,154,2,2568,3
69,19,403,5,1221,0
70,146,164,4,1247,76
71,636,17,4,3463,97
72,542,415,3,784,19
73,52,38,2,2315,48
74,710,28,5,4952,97
75,461,196,3,3690,46
76,203,52,4,4324,10
77,854,19,3,553,24
78,476,10,1,2974,34
79,364,169,3,434,60
80,740,88,2,2699,49
81,481,275,4,3048,26
82,274,401,1,4951,40
83,437,236,1,2695,50
84,5182,298,4,2753,33
85,246,178,1,4078,24
86,633,368,5,297,39
87,5502,23,4,4238,7
88,269,358,2,1826,95
89,779,411,4,855,45
90,553,225,5,2783,42
91,389,193,3,1323,20
92,221,307,1,806,57
93,575,158,5,1864,42
94,112,168,2,3741,3
95,708,449,1,2203,67
96,921,393,3,1190,15
97,264,457,1,1915,37
98,704,186,3,2976,100
99,235,117,2,2041,36
100,35,259,1,2478,3
101,585,449,2,4652,91
102,779,202,3,2369,25
103,960,486,4,4528,69
104,917,474,1,4672,82
105,922,362,4,2469,12
106,633,84,5,4259,7
107,440,248,3,4158,2
108,541,350,2,118,25
109,963,490,-3,1925,28
110,624,132,3,2935,74
111,106,457,4,4726,66
112,744,184,2,3305,48
113,437,80,3,3409,65
114,83,121,4,640,21
115,440,321,5,3905,54
116,25,168,5,3122,91
117,156,98,3,101,22
118,711,155,2,313,87
119,335,156,2,4783,47
120,140,82,5,4918,90
121,995,214,5,237,66
122,305,69,4,2670,87
123,756,261,3,1272,76
124,618,33,1,4743,45
125,304,77,2,4416,62
126,368,401,1,890,95
127,703,71,-3,2472,11
128,702,262,2,2282,79
129,525,389,3,4686,50
130,264,216,3,520,7
131,884,393,2,4553,19
132,332,395,3,1825,65
133,240,481,2,3455,21
134,789,261,3,4710,41
135,65,125,1,574,83
136,352,53,4,2446,34
137,388,53,2,4961,0
138,789,457,1,4138,95
139,463,325,5,4354,19
140,823,200,1,830,22
141,152,178,3,365,11
142,921,61,2,2439,10
143,867,4,1,1209,1
144,65,46,3,1393,8
145,938,316,3,972,59
146,848,468,5,2671,74
147,5053,138,1,4323,45
148,602,341,3,4603,30
149,328,360,3,2875,28
150,789,171,2,677,77
151,5856,63,3,3603,17
152,140,182,1,4988,82
153,712,415,2,1861,89
154,22,158,5,1745,40
155,571,312,4,3148,34
156,554,87,-2,4185,47
157,690,208,1,2253,59
158,79,333,3,1282,88
159,345,489,5,2740,43
160,625,408,1,1355,56
161,691,309,3,3604,55
162,930,315,2,4980,56
163,418,67,4,2024,37
164,108,279,4,1471,2
165,919,269,3,4212,18
166,742,167,4,1868,90
167,5572,8,5,4477,34
168,801,447,4,1157,36
169,214,352,4,1222,60
170,113,367,3,4289,59
171,799,324,3,2955,82
172,426,14,1,2717,84
173,335,410,3,1043,45
174,586,471,4,1701,79
175,830,53,4,2798,93
176,751,201,4,671,34
177,647,272,2,1369,81
178,161,204,4,2005,21
179,5479,437,5,1285,3
180,665,172,5,4878,38
181,843,84,3,3418,39
182,537,185,2,3700,42
183,415,70,1,3789,63
184,5703,396,5,3480,43
185,338,461,5,4071,56
186,403,191,2,3707,37
187,508,154,1,1000,12
188,731,442,2,4867,34
189,370,453,3,844,13
190,19,375,1,3630,3
191,305,100,1,2259,27
192,148,137,4,380,20
193,923,36,1,2370,79
194,135,95,3,4716,69
195,396,132,5,3137,32
196,751,471,2,2095,1
197,673,276,2,2594,50
198,209,43,5,3642,12
199,603,440,2,4309,21
200,397,43,4,2981,19
201,616,29,5,4424,83
202,324,174,2,661,27
203,359,339,4,4856,99
204,84,117,4,1454,35
205,191,228,1,1483,22
206,710,320,4,4626,86
207,305,214,1,3653,100
208,220,75,2,4308,85
209,765,373,2,3695,45
210,12,18,1,1017,65
211,381,438,1,447,66
212,859,64,4,1615,91
213,739,489,1,3636,76
214,40,300,4,4159,40
215,481,111,1,2847,35
216,522,284,4,888,0
217,867,470,5,3672,84
218,290,74,3,2739,97
219,635,179,3,2443,72
220,508,348,1,2191,79
221,743,404,1,1514,97
222,292,144,3,4077,85
223,757,287,1,1760,15
224,770,360,3,517,29
225,766,419,3,1932,34
226,720,483,2,2891,77
227,460,428,3,318,74
228,897,35,4,901,39
229,206,405,5,3921,23
230,112,37,5,4095,97
231,268,472,3,2377,58
232,667,428,4,2652,90
233,405,258,5,2478,11
234,185,422,4,140,5
235,531,149,5,716,76
236,768,49,2,1456,45
237,592,238,3,3915,96
238,11,25,1,2504,11
239,593,287,3,599,24
240,493,321,4,4917,30
241,197,105,5,2746,71
242,739,127,1,694,49
243,311,254,2,1558,54
244,879,373,4,4881,24
245,118,221,5,1455,83
246,769,23,4,266,30
247,349,214,1,2286,33
248,476,131,3,3991,52
249,802,303,2,3602,24
250,52,368,5,215,44
251,2,240,4,2582,3
252,144,55,2,117,82
253,917,355,4,464,43
254,68,490,1,1347,71
255,542,208,5,2953,84
256,60,417,5,3274,34
257,50,247,3,2255,41
258,927,264,-2,3495,87
259,950,323,-3,1275,87
260,952,183,5,951,63
261,77,331,2,278,54
262,259,54,1,4793,85
263,776,286,1,2939,81
264,693,343,2,3479,0
265,957,37,4,3978,100
266,656,36,4,2074,33
267,816,20,1,1312,9
268,663,500,2,4594,58
269,61,131,3,3273,87
270,71,113,5,2341,67
271,923,26,1,166,55
272,753,343,5,1646,84
273,400,172,5,686,57
274,302,456,5,2525,25
275,652,3,2,3992,59
276,188,122,1,2527,73
277,996,175,3,3454,68
278,463,111,2,4280,79
279,357,88,5,3785,2
280,899,489,2,2523,51
281,191,456,1,373,74
282,494,348,5,3643,70
283,549,264,1,1157,80
284,316,216,2,1733,33
285,731,42,5,1548,87
286,310,93,2,3417,83
287,611,331,-3,1858,61
288,20,246,3,3010,43
289,520,267,5,4602,56
290,782,495,1,2794,59
291,691,8,1,3661,73
292,731,186,4,4476,20
293,448,85,1,3073,83
294,61,236,5,1070,42
295,357,270,3,3369,11
296,64,316,5,4786,23
297,401,341,1,364,2
298,525,63,3,4763,11
299,386,135,4,357,79
300,250,222,1,1582,57
301,915,427,4,382,80
302,72,84,4,4288,83
303,893,269,2,4205,75
304,5410,24,1,2959,93
305,5298,32,1,4268,96
306,297,443,5,3664,76
307,647,468,1,3915,69
308,783,99,4,4729,12
309,155,309,2,2914,48
310,10,288,4,2589,95
311,978,287,5,1975,75
312,187,213,5,1911,120
313,194,105,5,1870,87
314,959,54,-1,3622,6
315,380,98,1,2181,42
316,824,154,2,918,77
317,577,144,5,889,77
318,416,164,1,3234,120
319,776,332,1,1963,36
320,226,315,4,342,74
321,774,7,-2,1261,14
322,523,335,4,334,87
323,190,158,4,959,33
324,90,258,5,808,34
325,334,149,3,2467,8
326,499,14,2,3999,46
327,990,265,3,360,41
328,145,339,4,765,3
329,110,371,5,3390,9
330,386,128,4,1121,30
331,805,150,1,3456,29
332,517,316,2,3002,3
333,794,374,3,1845,87
334,283,219,1,4251,44
335,224,387,4,1424,95
336,644,432,1,2946,31
337,507,49,1,3999,3
338,367,407,5,914,71
339,809,412,1,4616,14
340,797,361,2,4559,63
341,117,496,5,2897,39
342,748,347,1,2986,36
343,949,124,1,3241,43
344,376,252,3,4603,70
345,268,167,2,800,52
346,840,156,5,1665,99
347,702,396,4,1744,41
348,142,86,4,2291,74
349,511,384,1,1821,42
350,884,132,1,2067,32
351,234,155,5,3893,55
352,903,231,1,3639,50
353,712,437,2,3466,68
354,355,330,4,1120,28
355,806,376,4,4489,81
356,643,387,4,386,82
357,554,359,1,280,51
358,880,373,1,3083,20
359,617,492,2,3615,58
360,907,91,2,2452,79
361,585,172,4,820,21
362,915,261,2,4358,95
363,699,92,4,4836,79
364,629,373,2,2687,60
365,994,165,1,3849,7
366,209,117,5,4263,56
367,281,195,1,4525,24
368,839,145,3,2344,62
369,31,325,1,3079,94
370,777,41,5,2599,17
371,71,77,4,4848,26
372,123,39,2,4657,21
373,650,259,1,4873,81
374,473,275,3,3322,60
375,630,28,1,1663,10
376,260,336,2,1082,48
377,16,187,2,1859,57
378,801,311,5,3237,54
379,592,81,1,331,28
380,954,287,5,1461,24
381,292,350,3,380,95
382,792,311,4,2126,82
383,27,303,3,4430,19
384,128,366,4,3741,84
385,890,212,4,4279,0
386,536,323,5,2151,91
387,591,441,2,4421,77
388,7,33,1,4380,11
389,988,168,3,4024,80
390,671,278,3,1120,80
391,680,67,5,1606,51
392,136,500,3,1991,23
393,231,326,5,3343,5
394,790,89,2,4027,120
395,191,256,1,3410,74
396,850,468,5,1190,49
397,136,102,-5,3641,48
398,464,339,3,484,6
399,40,211,3,2138,51
400,256,332,2,3145,63
401,650,241,2,4451,74
402,836,2,1,4138,11
403,899,264,3,2227,67
404,864,492,4,423,52
405,598,301,4,1678,46
406,969,165,3,351,51
407,882,309,3,102,53
408,999,399,2,1717,9
409,81,260,5,1988,86
410,717,343,2,2673,73
411,596,280,2,4848,53
412,943,470,4,2047,34
413,578,246,4,1180,29
414,465,66,3,3364,44
415,527,487,1,1093,72
416,457,291,4,1316,91
417,890,418,3,3461,26
418,631,425,5,2492,74
419,276,129,5,4712,21
420,763,239,1,3266,43
421,941,133,5,1732,54
422,284,248,5,2612,71
423,937,181,2,4132,29
424,930,288,4,1601,9
425,862,82,4,1765,50
426,376,241,3,3713,63
427,706,196,5,3008,3
428,352,488,1,4922,46
429,873,207,2,4369,0
430,750,325,4,2885,82
431,877,473,2,2334,71
432,970,205,1,942,23
433,959,44,4,4222,37
434,605,119,5,887,45
435,440,84,4,1516,1
436,156,240,1,1187,47
437,118,265,1,3737,42
438,976,496,1,2924,80
439,175,222,3,2061,93
440,468,42,3,4717,78
441,79,91,5,3759,31
442,976,193,3,255,60
443,624,29,4,2151,80
444,608,412,5,3388,69
445,474,267,2,3335,54
446,769,13,2,1481,87
447,953,15,5,1339,71
448,848,95,1,942,100
449,384,438,3,1839,54
450,546,52,3,3708,4
451,184,121,1,1535,46
452,387,24,4,4020,18
453,278,427,2,3349,50
454,258,311,1,1960,10
455,973,277,5,4175,75
456,682,338,1,1749,67
457,712,86,5,2199,9
458,470,474,4,3659,90
459,374,244,2,2321,33
460,105,444,1,3846,75
461,545,464,2,1858,0
462,908,95,1,174,50
463,729,70,5,4004,10
464,433,312,4,2656,9
465,580,215,3,3289,52
466,481,145,2,1123,37
467,956,87,2,4266,15
468,861,256,3,734,49
469,508,380,3,2183,62
470,340,147,3,465,20
471,973,390,5,2214,55
472,367,483,3,4461,81
473,916,135,5,2633,83
474,116,405,4,2480,17
475,25,381,3,4271,63
476,688,272,4,1235,78
477,700,455,-3,4092,93
478,269,374,2,2009,54
479,568,432,1,934,69
480,53,280,4,2001,91
481,178,77,5,774,4
482,126,262,3,2778,0
483,779,415,1,339,76
484,798,340,4,4921,26
485,544,196,4,1986,83
486,790,157,2,226,8
487,953,168,5,809,65
488,680,215,1,4873,88
489,978,299,1,2796,66
490,744,148,1,1233,41
491,667,385,3,659,19
492,797,441,3,1496,63
493,652,10,-2,2236,90
494,30,253,4,2545,96
495,421,411,4,2766,70
496,668,416,-1,1363,37
497,853,269,4,4798,22
498,395,309,5,548,97
499,668,91,5,3528,33
500,90,164,4,3861,28
501,495,458,4,1616,61
502,861,29,5,3418,93
503,928,436,2,4930,26
504,731,76,4,4469,93
505,863,144,4,221,30
506,991,18,3,573,8
507,43,368,5,4739,79
508,369,359,1,428,93
509,162,63,5,3865,49
510,625,42,5,1654,92
511,996,341,4,3473,89
512,191,334,1,3486,57
513,29,464,5,2121,94
514,336,2,3,3425,66
515,106,336,4,1033,50
516,623,472,4,465,34
517,824,297,4,209,29
518,193,221,2,4628,14
519,737,406,5,3425,1
520,967,125,5,555,48
521,157,57,3,3953,90
522,698,316,2,703,2
523,145,438,4,1704,59
524,596,342,4,4047,13
525,537,9,5,1657,74
526,743,310,4,1841,65
527,407,209,4,4631,27
528,581,160,2,3046,53
529,314,463,3,2584,14
530,615,423,3,4689,14
531,81,446,3,3103,63
532,462,331,1,1393,27
533,650,9,5,3672,120
534,367,95,4,1642,34
535,794,310,5,747,89
536,97,448,4,2728,61
537,162,140,2,4455,21
538,512,5,5,1779,17
539,697,447,1,1288,10
540,926,452,4,3842,83
541,290,452,1,4860,24
542,854,112,1,4516,52
543,809,130,5,2458,120
544,920,8,5,570,26
545,916,227,4,4040,94
546,614,241,2,3383,13
547,499,347,5,4065,10
548,671,279,3,3711,12
549,479,14,4,385,82
550,988,253,4,1570,5
551,596,136,5,2519,93
552,932,170,1,2580,19
553,95,191,3,3556,3
554,6,354,5,1735,70
555,57,464,1,1588,65
556,708,244,3,418,37
557,676,466,4,3423,85
558,988,386,2,3127,19
559,270,468,2,3390,53
560,274,136,5,4341,100
561,571,161,4,678,38
562,184,333,5,1596,89
563,358,360,1,4418,66
564,907,483,1,4326,84
565,85,103,4,3780,5
566,693,464,3,1797,64
567,765,71,-4,1621,47
568,980,212,4,4233,10
569,595,10,2,2534,7
570,483,11,4,2625,73
571,884,104,2,3655,15
572,618,227,1,4642,76
573,550,354,1,1679,39
574,685,173,5,4037,3
575,234,306,4,4904,15
576,404,254,5,473,50
577,512,119,3,742,17
578,266,304,3,3340,52
579,702,308,2,4083,60
580,445,139,4,850,77
581,888,482,3,1618,77
582,942,224,3,2896,86
583,664,36,1,2411,100
584,248,212,2,3243,20
585,331,440,1,4633,36
586,34,137,3,2851,63
587,556,50,1,4437,80
588,935,477,5,3318,56
589,280,301,4,1873,77
590,357,319,1,310,6
591,75,350,5,3863,36
592,204,449,1,3413,59
593,624,23,-4,1652,80
594,635,184,1,4384,9
595,62,385,4,228,17
596,645,242,-3,4785,29
597,710,168,3,4171,54
598,540,461,5,1099,5
599,952,325,1,2518,37
600,462,10,2,967,11
601,330,162,4,4344,72
602,236,137,3,666,16
603,959,169,5,1240,39
604,699,136,3,967,81
605,589,416,4,3545,12
606,734,472,5,1975,49
607,714,22,3,2915,90
608,633,47,-4,2308,11
609,385,245,1,272,2
610,340,254,1,2475,20
611,5789,128,1,3169,70
612,768,226,1,705,18
613,737,196,4,1242,94
614,928,393,3,1832,87
615,907,324,5,4175,44
616,825,59,3,4934,41
617,410,105,1,214,55
618,268,332,3,2723,52
619,510,26,1,2575,21
620,413,20,-2,1289,16
621,518,10,5,1615,13
622,539,199,3,4386,56
623,117,296,4,2280,6
624,341,456,4,994,12
625,337,16,5,4952,42
626,695,321,1,750,89
627,167,401,3,2335,61
628,185,468,5,1199,96
629,484,118,5,1485,24
630,914,484,2,2802,64
631,133,456,1,3573,51
632,125,426,3,545,90
633,744,454,3,2102,15
634,238,261,2,4154,51
635,132,189,3,3087,75
636,484,110,3,3466,0
637,540,86,4,1569,48
638,975,40,2,4524,11
639,111,152,3,744,15
640,798,374,4,3484,25
641,921,273,3,3855,57
642,975,10,5,2972,3
643,570,365,2,450,52
644,38,366,2,2140,83
645,222,482,2,2806,64
646,821,308,2,960,83
647,472,323,1,3943,97
648,801,284,3,2850,21
649,248,420,4,383,91
650,589,337,1,4489,83
651,501,299,4,3153,91
652,284,435,3,3368,78
653,773,359,2,1000,48
654,709,20,2,3816,65
655,757,485,5,3766,49
656,5586,61,3,3818,79
657,553,480,4,3725,36
658,89,449,3,3303,4
659,334,247,5,4562,12
660,826,15,5,4642,54
661,741,164,-1,4685,47
662,498,147,2,3560,13
663,609,238,3,1034,37
664,358,444,5,2597,76
665,290,411,1,217,16
666,602,491,5,2215,61
667,165,243,4,1250,70
668,285,476,1,1967,10
669,472,282,5,3804,10
670,611,459,3,4564,47
671,194,403,3,2684,50
672,521,12,4,4780,20
673,112,476,4,903,12
674,707,332,1,664,35
675,289,10,5,3746,3
676,214,257,4,2005,67
677,45,393,4,295,43
678,351,162,2,1276,39
679,598,348,2,129,24
680,702,309,2,4591,25
681,157,369,4,4432,41
682,119,401,2,4441,87
683,137,205,5,2089,92
684,718,107,4,4196,50
685,146,26,3,1400,35
686,687,404,1,2597,84
687,24,485,5,3999,35
688,12,301,-4,2791,66
689,131,152,2,4463,29
690,612,152,1,397,63
691,488,398,1,361,53
692,278,274,1,4222,5
693,705,139,4,199,30
694,919,215,3,4537,90
695,102,262,5,2868,88
696,60,309,2,2118,79
697,295,479,5,4602,22
698,360,222,3,1016,46
699,963,27,4,4381,18
700,938,104,1,585,43
701,833,119,5,1957,96
702,687,93,4,3897,25
703,345,384,5,2459,0
704,73,217,2,4492,62
705,873,211,1,1528,76
706,946,105,5,1301,86
707,586,263,4,2660,34
708,898,403,4,4981,120
709,866,208,2,388,41
710,68,375,5,3566,25
711,5958,91,4,1742,48
712,688,84,1,2581,96
713,642,218,1,3536,95
714,585,325,2,4721,28
715,417,251,1,3793,5
716,686,358,5,818,58
717,772,471,5,2369,44
718,120,24,5,4234,66
719,249,16,1,2848,43
720,272,66,4,2212,62
721,340,214,2,3228,22
722,994,81,1,4628,8
723,470,11,1,474,33
724,792,111,2,4939,60
725,510,224,1,3764,75
726,230,87,2,3321,82
727,674,206,2,3678,47
728,117,147,3,1253,48
729,180,329,3,3872,39
730,6,398,4,2112,30
731,117,457,3,2939,66
732,109,155,1,4180,65
733,310,178,5,862,94
734,655,348,1,2833,61
735,622,48,2,4714,11
736,956,60,-1,2608,78
737,709,477,1,738,25
738,4,115,2,176,64
739,543,59,3,3167,21
740,782,139,2,126,33
741,826,52,2,4403,3
742,913,103,5,2569,57
743,454,181,2,378,62
744,542,391,1,3230,2
745,451,4,1,3226,41
746,341,261,5,4515,24
747,598,337,1,4408,91
748,699,459,5,3702,49
749,162,362,3,984,37
750,581,58,2,1971,7
751,210,146,3,2320,62
752,112,401,1,1423,4
753,724,402,1,4324,53
754,834,415,2,518,30
755,152,447,2,2566,84
756,42,250,1,1169,39
757,323,370,1,4689,55
758,241,56,5,3273,26
759,799,406,4,3071,74
760,485,161,1,223,88
761,612,379,2,477,74
762,430,320,4,3751,88
763,385,383,3,1775,35
764,901,268,1,732,42
765,137,204,5,1813,19
766,152,56,1,2357,67
767,12,38,4,373,61
768,517,92,5,574,69
769,606,108,2,1142,25
770,204,480,4,1169,22
771,505,459,-2,4140,48
772,200,35,5,2221,45
773,687,156,1,571,59
774,894,232,2,1176,95
775,943,378,-4,1707,29
776,152,94,1,844,41
777,132,215,3,1143,26
778,436,443,5,852,56
779,10,77,2,4394,11
780,617,290,5,4083,74
781,723,266,3,4743,19
782,633,92,1,3033,87
783,426,10,2,1227,42
784,62,431,1,1528,120
785,502,92,4,3789,17
786,21,221,2,2508,58
787,303,228,5,2703,63
788,323,258,2,2439,60
789,543,201,1,773,48
790,149,409,1,624,74
791,363,237,4,2821,76
792,290,15,2,128,11
793,472,30,3,615,2
794,156,432,3,1864,78
795,748,452,5,1802,83
796,710,129,2,3723,25
797,847,470,1,343,30
798,1000,451,2,908,43
799,445,59,2,4231,19
800,528,170,3,3111,18
801,734,28,1,3718,76
802,575,215,5,2168,79
803,587,383,5,3058,11
804,198,195,4,2701,56
805,615,87,5,3250,28
806,786,35,1,3885,62
807,314,321,2,2580,30
808,59,434,4,4516,52
809,464,383,5,2694,19
810,540,180,3,2127,9
811,977,490,5,129,45
812,185,192,3,1502,87
813,466,201,4,4069,31
814,786,39,2,2774,54
815,748,332,3,1471,37
816,594,236,4,1871,66
817,897,403,1,4139,91
818,386,424,5,2286,82
819,816,392,4,1894,13
820,326,3,2,1826,11
821,40,315,3,4099,19
822,816,210,3,4021,45
823,218,94,2,982,23
824,335,459,4,2227,53
825,97,188,3,4075,40
826,543,262,2,628,68
827,615,115,4,848,93
828,987,396,2,282,90
829,565,295,4,1505,40
830,495,402,5,4592,28
831,915,245,4,3475,18
832,803,237,4,861,65
833,968,481,3,3122,83
834,27,219,3,2244,56
835,213,443,3,4024,3
836,924,161,5,557,79
837,527,157,5,3556,34
838,339,228,4,2746,32
839,660,458,4,2230,26
840,258,83,5,3700,94
841,431,109,2,4582,65
842,462,141,3,3623,14
843,911,301,5,627,92
844,730,270,5,280,7
845,5806,326,3,188,59
846,697,314,5,2359,88
847,691,290,2,3572,98
848,382,217,1,1196,53
849,115,286,5,4046,15
850,812,358,4,1495,62
851,848,334,3,221,76
852,562,16,2,307,18
853,90,299,5,880,85
854,906,131,3,3066,33
855,106,301,2,1820,98
856,120,478,2,3300,62
857,165,407,3,2675,15
858,101,91,5,3185,42
859,11,457,5,4417,58
860,815,139,3,2768,53
861,833,431,4,2445,31
862,9,204,-3,4240,5
863,548,169,1,3538,5
864,497,102,5,4863,80
865,803,453,3,3125,0
866,520,152,4,741,54
867,581,485,2,2548,3
868,954,430,2,1617,49
869,43,335,2,3816,92
870,382,352,5,1665,62
871,296,171,2,580,36
872,660,63,2,1098,20
873,19,92,3,4358,99
874,196,443,4,4146,64
875,578,200,1,698,55
876,5368,320,3,3876,29
877,982,212,5,1055,61
878,197,220,2,4999,44
879,674,237,2,1742,30
880,19,24,4,4525,6
881,150,30,5,1910,19
882,379,319,4,4499,56
883,654,371,3,704,32
884,400,351,3,974,83
885,104,436,5,3892,88
886,30,323,1,3959,94
887,953,160,3,1821,18
888,5388,264,5,290,24
889,192,214,5,2397,80
890,219,413,3,128,48
891,688,244,1,4463,44
892,510,315,2,4755,21
893,822,46,4,4260,99
894,759,249,2,4480,21
895,803,224,1,3946,76
896,531,199,5,3132,72
897,711,326,3,1619,3
898,445,182,1,422,95
899,956,99,4,149,71
900,190,295,5,1080,12
901,43,402,1,4143,27
902,626,330,3,4370,95
903,125,131,5,4343,12
904,563,277,4,3278,21
905,718,482,4,188,35
906,571,216,2,367,65
907,584,299,4,862,59
908,668,480,3,3889,79
909,760,119,3,919,5
910,3,250,1,3594,10
911,468,175,1,3420,95
912,282,246,1,2701,79
913,14,321,-4,2840,95
914,717,437,5,4548,13
915,77,61,1,2693,21
916,191,227,3,140,14
917,426,114,4,1668,74
918,403,282,1,2669,30
919,963,39,3,1434,35
920,888,130,4,892,87
921,30,161,5,2443,15
922,466,175,4,1222,60
923,24,97,3,323,38
924,937,451,4,4179,60
925,800,74,2,1215,60
926,398,56,3,3530,93
927,623,41,2,1526,83
928,79,342,1,1847,18
929,750,228,3,326,2
930,680,391,3,2355,88
931,5701,16,5,1095,63
932,596,387,1,896,58
933,13,490,4,3808,58
934,60,99,2,3609,9
935,168,272,2,3848,76
936,481,315,3,1637,65
937,883,319,4,4821,61
938,308,183,3,3008,74
939,765,131,5,4834,38
940,743,460,5,948,58
941,850,284,5,387,91
942,599,420,2,137,92
943,979,384,3,2177,62
944,729,141,5,1784,67
945,887,9,1,1941,90
946,895,340,4,1216,17
947,573,381,1,1399,66
948,466,327,3,4329,64
949,730,390,1,3951,21
950,537,445,1,2944,54
951,842,54,3,4044,34
952,654,344,5,919,67
953,662,117,4,728,72
954,649,219,2,1200,2
955,276,77,5,805,58
956,140,47,4,1474,25
957,752,405,3,1140,77
958,250,314,4,2421,97
959,506,146,2,3182,60
960,548,111,3,277,36
961,372,19,1,1894,63
962,474,413,4,3482,91
963,255,285,4,1164,59
964,458,112,3,297,80
965,70,159,3,4585,72
966,120,79,1,3061,67
967,441,264,2,1990,47
968,361,454,1,2189,23
969,841,475,2,4688,31
970,264,204,3,1924,87
971,488,79,1,3442,88
972,561,66,4,4336,24
973,832,349,1,1054,84
974,489,46,2,1700,98
975,848,88,5,4390,53
976,377,185,3,4511,3
977,67,448,3,1503,76
978,591,57,5,4107,64
979,928,302,4,885,7
980,669,167,2,2631,7
981,77,168,4,2931,63
982,761,350,1,927,38
983,810,439,5,3537,52
984,797,248,2,2166,72
985,315,331,5,257,44
986,277,180,5,2455,79
987,810,302,5,2348,52
988,886,249,-3,246,87
989,139,89,3,690,100
990,573,375,3,332,15
991,939,259,-2,4379,79
992,126,471,2,1716,17
993,909,461,5,1919,10
994,633,231,4,351,39
995,690,193,1,816,17
996,893,180,2,3919,75
997,494,43,5,1577,54
998,427,44,3,539,30
999,978,40,5,3404,42
1000,148,463,3,4260,85
1001,838,155,4,4983,35
1002,235,109,1,3609,41
1003,742,462,3,4417,45
1004,777,232,2,2195,73
1005,5700,327,1,2662,59
1006,761,274,1,3654,2
1007,991,481,3,4869,30
1008,873,488,4,1929,44
1009,337,84,2,568,31
1010,838,296,1,2326,43
1011,950,230,3,4666,84
1012,527,100,2,1714,93
1013,494,262,1,3338,8
1014,580,411,1,2427,2
1015,590,7,5,3461,84
1016,804,284,1,1302,65
1017,337,375,3,2780,55
1018,938,43,3,1404,54
1019,567,400,5,4350,80
1020,856,304,2,4981,9
1021,225,401,1,3670,77
1022,663,494,3,2945,42
1023,728,50,5,2090,50
1024,678,109,2,4876,49
1025,480,118,1,1615,52
1026,517,454,3,1071,27
1027,819,298,1,2979,76
1028,703,218,4,2647,84
1029,814,202,3,3612,84
1030,919,242,1,3611,98
1031,536,195,1,826,21
1032,429,186,3,1444,17
1033,235,171,5,901,58
1034,911,131,4,3114,96
1035,801,246,4,3199,66
1036,628,153,4,1748,98
1037,975,304,2,1717,52
1038,829,74,3,900,49
1039,427,426,3,1661,39
1040,28,420,5,973,50
1041,563,443,4,2451,31
1042,354,33,4,3650,68
1043,123,330,2,349,49
1044,239,132,5,2424,90
1045,5912,139,5,2959,88
1046,824,92,5,2868,61
1047,143,129,5,4253,99
1048,403,2,2,2599,25
1049,598,151,3,3482,87
1050,838,326,2,2147,35
1051,598,205,1,2918,2
1052,975,479,2,1940,17
1053,458,303,4,3129,95
1054,624,13,5,554,85
1055,895,197,1,4119,63
1056,919,213,5,298,100
1057,529,440,1,1815,21
1058,517,149,2,1157,14
1059,277,498,1,2310,29
1060,418,268,3,907,18
1061,155,132,3,4069,30
1062,227,373,1,3705,42
1063,253,221,1,4953,21
1064,206,262,1,3837,68
1065,725,278,3,4002,93
1066,5777,212,5,1184,7
1067,830,284,5,2877,48
1068,484,188,1,908,6
1069,51,240,1,4940,59
1070,152,333,1,2588,70
1071,817,183,2,1695,23
1072,63,13,2,4360,81
1073,598,204,5,3429,14
1074,373,115,1,3843,18
1075,683,374,5,4634,50
1076,585,407,2,2521,32
1077,741,349,5,1830,11
1078,251,210,3,4629,80
1079,714,255,1,1153,62
1080,751,242,1,168,68
1081,308,459,4,4842,26
1082,335,5,4,475,45
1083,287,162,2,4656,7
1084,764,183,2,3596,78
1085,187,323,2,2075,96
1086,291,354,2,3284,13
1087,372,112,-5,1587,83
1088,638,115,-4,1415,120
1089,13,291,5,4278,36
1090,782,351,3,2876,19
1091,786,439,2,1689,100
1092,701,249,-2,2957,33
1093,510,486,4,1567,53
1094,275,128,4,1933,86
1095,125,299,4,4029,66
1096,5,194,2,158,41
1097,181,303,5,4841,13
1098,349,369,5,3458,34
1099,489,399,1,2020,82
1100,435,365,3,592,40
1101,642,24,1,2586,33
1102,919,354,2,1393,44
1103,120,109,1,4519,44
1104,875,432,1,2364,91
1105,510,53,5,4512,46
1106,876,425,4,2716,93
1107,329,112,2,3768,55
1108,128,192,1,132,37
1109,161,280,5,338,84
1110,829,13,2,2359,93
1111,507,122,2,3073,85
1112,76,184,1,2937,97
1113,28,259,4,2088,3
1114,879,380,3,4155,100
1115,996,51,4,4069,70
1116,3,159,2,2342,86
1117,608,51,4,1302,13
1118,474,159,3,975,15
1119,113,2,3,3030,13
1120,125,117,1,4560,97
1121,111,47,3,347,1
1122,165,75,5,3249,90
1123,302,216,3,4442,47
1124,308,423,3,3261,25
1125,23,85,1,2124,65
1126,761,294,4,4945,26
1127,811,308,3,1674,85
1128,947,180,1,844,28
1129,358,161,3,2690,82
1130,364,444,2,4530,76
1131,361,97,4,656,64
1132,803,296,5,3265,67
1133,695,458,1,451,66
1134,398,100,5,3947,76
1135,151,353,3,3592,4
1136,540,330,3,3317,3
1137,9,429,2,455,70
1138,586,434,3,329,94
1139,209,367,4,1660,25
1140,67,446,5,3546,72
1141,909,429,5,2178,36
1142,349,112,1,1105,5
1143,329,216,3,3509,13
1144,127,171,5,4424,6
1145,207,57,5,1163,91
1146,741,480,4,4910,24
1147,684,55,-1,3415,46
1148,933,426,5,3000,39
1149,429,372,2,3403,94
1150,640,436,5,1246,70
1151,575,59,-4,3877,21
1152,54,392,1,3434,95
1153,145,291,2,1802,79
1154,638,118,2,239,79
1155,367,291,1,3948,87
1156,622,482,5,511,36
1157,596,313,2,3758,5
1158,71,396,1,2817,1
1159,73,63,4,646,40
1160,250,321,2,1063,19
1161,882,442,5,186,21
1162,964,15,3,1554,56
1163,800,6,2,902,97
1164,250,168,4,598,55
1165,878,175,4,2179,79
1166,329,135,2,2618,33
1167,340,390,1,4287,45
1168,468,477,3,2549,81
1169,952,234,4,1909,89
1170,238,336,1,901,21
1171,816,114,2,3906,25
1172,416,2,5,678,53
1173,725,468,4,3519,37
1174,653,408,5,1247,84
1175,30,331,2,1027,82
1176,240,220,4,589,48
1177,968,453,1,1885,31
1178,484,407,4,968,85
1179,813,106,5,2722,39
1180,431,241,5,2498,1
1181,849,60,1,4075,29
1182,296,87,5,2987,21
1183,460,95,4,2071,22
1184,205,429,5,453,15
1185,94,255,5,1596,45
1186,558,137,4,4710,99
1187,863,372,-5,4732,42
1188,71,254,4,2330,49
1189,529,121,2,1613,29
1190,911,371,2,1002,31
1191,804,415,4,4602,20
1192,197,456,3,4601,97
1193,295,97,2,2507,3
1194,641,462,-2,1413,71
1195,481,346,1,2989,81
1196,790,26,5,3079,46
1197,391,18,4,1756,1
1198,516,78,2,1933,40
1199,407,486,5,3984,54
1200,592,488,4,4787,36
1201,250,208,3,3313,84
1202,241,4,3,1048,8
1203,747,73,3,4075,78
1204,702,284,5,1903,28
1205,349,102,2,2346,7
1206,5445,340,2,4175,120
1207,873,221,5,386,93
1208,713,315,2,2979,45
1209,219,180,2,3485,11
1210,404,392,5,1849,93
1211,752,438,2,4010,42
1212,375,421,3,3407,64
1213,737,183,1,1710,68
1214,522,308,-4,2724,63
1215,905,106,5,4103,84
1216,196,198,5,2448,6
1217,721,21,3,2648,64
1218,308,230,4,4555,79
1219,331,103,1,2020,21
1220,683,446,-1,434,25
1221,742,202,3,4907,36
1222,106,182,1,2689,87
1223,278,185,3,4265,1
1224,924,490,5,3466,72
1225,357,381,1,2872,62
1226,961,400,2,2545,0
1227,883,172,3,247,81
1228,502,68,5,2758,24
1229,285,19,3,3894,32
1230,834,35,2,2013,14
1231,972,156,2,2798,97
1232,230,384,2,2549,4
1233,684,294,5,4104,90
1234,865,157,4,1277,95
1235,431,47,2,4619,92
1236,242,1,2,3232,88
1237,899,106,1,1377,85
1238,430,147,5,1879,20
1239,948,252,4,3643,49
1240,272,159,4,3592,64
1241,636,297,1,1420,18
1242,356,313,3,342,33
1243,917,489,1,1104,44
1244,533,8,4,2164,32
1245,393,12,-1,1500,13
1246,692,466,5,3552,84
1247,320,69,1,2580,46
1248,308,240,5,1908,32
1249,164,400,5,4607,92
1250,201,64,4,3275,35
1251,553,344,1,286,19
1252,610,4,4,3701,51
1253,91,116,5,3670,70
1254,712,129,4,573,9
1255,340,428,5,1197,50
1256,286,126,3,4980,58
1257,291,454,4,4507,42
1258,823,276,3,2836,43
1259,178,361,4,430,49
1260,589,465,2,2935,87
1261,583,253,2,1088,65
1262,856,297,4,4787,47
1263,159,117,5,4380,92
1264,424,492,-5,2476,16
1265,542,325,3,657,34
1266,909,308,1,411,92
1267,833,34,1,1552,46
1268,986,230,3,4583,61
1269,413,104,2,1828,46
1270,421,264,1,2362,57
1271,511,297,5,606,67
1272,213,55,-4,3511,81
1273,116,190,2,3581,16
1274,799,310,2,4785,14
1275,302,174,3,3820,72
1276,50,410,5,2999,85
1277,731,265,4,236,19
1278,369,286,5,1085,76
1279,796,70,5,246,3
1280,292,339,3,3365,22
1281,837,375,4,3067,78
1282,43,352,2,4792,120
1283,641,337,5,1375,84
1284,13,91,5,2999,94
1285,786,386,5,3624,98
1286,283,53,2,3485,77
1287,60,489,4,3322,35
1288,869,176,1,4461,35
1289,176,335,2,1391,26
1290,406,310,4,3024,85
1291,2,444,4,3280,33
1292,621,150,2,1179,10
1293,494,12,1,2058,64
1294,542,241,3,344,89
1295,537,464,3,265,1
1296,270,12,5,3299,8
1297,335,337,3,1044,51
1298,497,334,1,1267,36
1299,793,93,3,669,42
1300,844,494,1,650,66
1301,508,431,1,4733,63
1302,308,115,4,4594,30
1303,865,368,1,3131,61
1304,338,337,5,551,49
1305,184,54,5,927,81
1306,21,101,4,3366,5
1307,104,365,3,4808,33
1308,692,113,3,400,11
1309,814,96,1,4239,74
1310,430,45,3,899,65
1311,994,64,1,1582,32
1312,607,372,1,1163,94
1313,207,16,5,986,20
1314,913,440,2,1025,31
1315,420,133,1,2861,90
1316,957,97,1,1658,41
1317,493,399,2,2300,76
1318,90,382,4,1672,36
1319,126,129,1,996,45
1320,436,10,1,3610,0
1321,223,58,1,3898,82
1322,892,389,1,1631,39
1323,812,113,4,689,13
1324,985,155,3,1076,45
1325,448,103,2,2418,79
1326,359,429,4,1778,49
1327,814,294,5,1413,48
1328,369,393,1,4940,80
1329,469,11,2,1208,11
1330,14,154,5,3315,74
1331,540,435,5,3625,72
1332,703,211,5,3413,65
1333,580,29,1,3336,13
1334,129,204,1,276,9
1335,5800,320,4,2809,17
1336,748,353,2,1076,9
1337,123,281,5,2283,33
1338,123,361,1,3166,82
1339,917,227,2,3751,60
1340,638,79,4,849,24
1341,826,393,1,2376,40
1342,321,219,1,552,86
1343,833,428,5,1650,9
1344,635,325,1,3860,27
1345,253,499,1,1795,12
1346,155,432,1,1982,65
1347,26,443,3,1789,3
1348,724,295,4,4762,6
1349,652,277,5,1210,94
1350,888,16,2,4092,37
1351,536,332,4,3835,67
1352,157,234,5,3916,38
1353,681,21,1,794,17
1354,159,94,3,2666,59
1355,963,253,2,1375,62
1356,730,485,5,2469,43
1357,918,309,5,2480,100
1358,974,124,5,549,70
1359,65,104,3,2992,84
1360,815,246,1,3862,42
1361,402,209,3,377,14
1362,107,391,1,2819,77
1363,373,205,5,3567,85
1364,173,45,3,2850,51
1365,332,371,3,4204,120
1366,97,148,4,803,94
1367,398,310,4,2296,31
1368,706,355,3,4580,96
1369,106,237,4,4126,8
1370,934,432,4,4005,8
1371,866,327,3,3275,74
1372,38,459,2,4700,59
1373,234,259,5,1370,43
1374,255,238,3,1056,57
1375,640,397,4,4967,69
1376,83,194,2,4996,8
1377,585,240,3,1293,50
1378,800,232,3,4340,76
1379,114,169,5,2959,90
1380,472,355,4,4389,26
1381,607,339,5,1855,31
1382,297,376,4,724,83
1383,381,199,4,4607,59
1384,955,279,1,398,98
1385,970,445,3,4197,7
1386,41,479,4,3903,92
1387,622,408,5,4138,84
1388,814,176,1,161,81
1389,732,95,2,4376,10
1390,706,137,5,3777,87
1391,76,149,3,3830,57
1392,71,382,5,1210,34
1393,810,313,5,3819,33
1394,500,134,3,4969,97
1395,815,203,2,2476,80
1396,41,478,4,3573,89
1397,790,30,5,1453,41
1398,329,474,1,4758,17
1399,856,487,2,3197,97
1400,747,46,1,2749,22
1401,654,73,2,3580,78
1402,971,18,2,229,17
1403,633,156,3,4622,58
1404,815,60,5,2639,55
1405,152,71,1,4853,51
1406,771,119,5,3690,71
1407,987,398,2,2649,61
1408,829,268,5,4021,73
1409,915,357,3,2525,37
1410,930,320,3,4903,20
1411,641,77,3,1654,65
1412,901,443,5,1588,69
1413,529,190,3,648,33
1414,495,490,4,4778,4
1415,127,281,4,4595,55
1416,654,321,3,1708,47
1417,450,84,5,4468,6
1418,604,385,1,1563,11
1419,957,190,3,974,78
1420,566,371,1,500,98
1421,844,243,2,3721,88
1422,151,225,4,3128,74
1423,29,250,2,1833,6
1424,265,91,4,2387,94
1425,189,483,1,1673,3
1426,685,86,2,4968,48
1427,955,391,3,953,3
1428,827,330,5,969,54
1429,543,280,4,1213,17
1430,173,24,2,3300,53
1431,504,95,2,1827,61
1432,299,277,2,3697,56
1433,34,374,3,1237,96
1434,349,207,3,1730,28
1435,125,407,2,3689,13
1436,831,12,5,2620,70
1437,467,416,1,831,83
1438,175,106,4,3088,29
1439,684,298,3,1515,15
1440,496,220,5,3067,100
1441,579,307,5,1422,11
1442,758,451,5,4622,51
1443,369,491,5,2861,52
1444,686,73,4,2267,17
1445,43,116,3,1002,44
1446,429,258,-5,1774,93
1447,268,130,4,776,33
1448,656,403,1,3954,84
1449,682,316,1,4330,8
1450,545,84,1,1139,81
1451,667,49,2,4592,28
1452,116,281,5,3181,26
1453,277,458,1,1294,13
1454,5946,413,3,724,42
1455,71,247,2,258,44
1456,484,471,1,2876,57
1457,112,178,4,2586,80
1458,443,28,4,3147,22
1459,855,431,2,346,54
1460,667,54,-5,418,35
1461,471,89,2,3536,9
1462,308,359,3,3015,100
1463,521,62,2,3206,8
1464,762,341,4,2451,78
1465,394,460,3,4264,72
1466,460,178,3,2232,98
1467,421,346,5,344,47
1468,775,248,4,2172,63
1469,515,327,-4,3480,42
1470,595,378,3,1034,65
1471,511,83,3,4420,12
1472,775,378,5,3248,43
1473,46,213,1,3641,96
1474,299,301,4,3799,78
1475,18,293,5,1685,15
1476,934,90,2,2281,99
1477,576,379,2,1589,82
1478,596,405,5,572,34
1479,140,461,4,1128,0
1480,939,149,2,511,99
1481,615,226,1,2265,59
1482,937,492,5,1723,8
1483,124,342,5,4921,11
1484,638,472,5,1029,71
1485,373,400,1,4723,59
1486,441,225,1,1746,48
1487,842,12,4,4677,98
1488,608,250,4,1003,80
1489,612,302,4,4174,70
1490,687,32,4,3959,17
1491,159,96,5,4179,97
1492,17,264,5,2961,61
1493,34,266,1,971,71
1494,764,223,3,1715,90
1495,174,143,5,3334,87
1496,612,109,2,299,27
1497,512,354,5,4478,77
1498,525,208,-1,795,44
1499,998,371,2,2458,66
1500,995,8,4,3785,41
1501,708,88,5,2295,73
1502,507,172,3,2340,76
1503,697,54,3,4389,62
1504,923,55,2,2136,88
1505,900,212,4,2176,73
1506,155,481,3,1089,60
1507,677,302,4,2052,17
1508,41,297,2,4292,7
1509,433,186,5,781,7
1510,970,7,4,4224,22
1511,907,375,5,1104,87
1512,677,204,3,4180,44
1513,205,397,3,3568,70
1514,171,422,1,4569,25
1515,666,338,5,100,5
1516,439,21,3,4258,0
1517,220,487,3,350,77
1518,934,173,1,4580,94
1519,767,275,4,3514,88
1520,812,109,1,752,73
1521,855,147,1,625,63
1522,217,344,3,458,15
1523,118,388,1,3196,70
1524,272,24,4,2103,52
1525,54,46,3,822,81
1526,61,224,4,3688,63
1527,845,203,5,4613,48
1528,843,450,4,576,42
1529,861,135,1,1064,22
1530,843,8,1,3491,73
1531,169,71,4,2139,80
1532,39,261,4,252,3
1533,297,19,4,4919,36
1534,685,459,3,119,47
1535,693,10,2,2509,22
1536,856,191,1,4648,28
1537,609,137,3,1934,69
1538,537,201,1,3054,51
1539,917,395,5,2942,68
1540,108,59,1,291,6
1541,323,111,5,2993,65
1542,362,106,1,1342,58
1543,292,118,-4,4447,69
1544,469,13,2,2971,15
1545,20,383,3,2367,34
1546,104,38,2,4668,92
1547,263,472,2,4720,26
1548,851,461,1,2233,58
1549,22,248,4,1394,1
1550,562,458,1,776,79
1551,948,85,1,3001,54
1552,40,220,3,2208,48
1553,597,194,4,4708,43
1554,950,141,1,3597,67
1555,159,390,5,2014,47
1556,717,67,3,1129,81
1557,290,333,2,776,5
1558,61,437,4,429,41
1559,476,134,2,4616,64
1560,653,453,4,863,91
1561,317,9,5,1196,8
1562,357,442,2,3771,10
1563,320,496,2,3755,40
1564,863,482,3,3559,92
1565,145,180,5,3319,4
1566,268,380,5,2562,16
1567,631,254,4,1958,90
1568,794,341,1,2906,26
1569,428,321,1,2407,74
1570,55,181,4,4555,72
1571,278,312,1,1328,26
1572,955,46,3,4088,59
1573,117,48,1,1602,36
1574,712,443,2,1819,92
1575,591,323,3,3410,68
1576,219,47,4,1811,15
1577,666,103,1,3623,66
1578,929,345,3,439,36
1579,318,390,3,1704,65
1580,877,319,5,445,22
1581,595,310,3,2449,69
1582,566,348,5,2364,34
1583,86,385,3,948,76
1584,484,498,2,4916,55
1585,157,350,5,2894,1
1586,785,125,4,3057,95
1587,739,370,5,4867,75
1588,763,418,1,393,19
1589,802,467,4,1106,76
1590,911,40,2,969,51
1591,67,320,3,3111,58
1592,203,321,1,3804,83
1593,185,189,4,510,69
1594,836,267,4,3490,55
1595,666,89,4,2806,45
1596,954,322,2,1981,61
1597,857,312,3,3068,97
1598,844,135,3,2984,70
1599,485,62,3,4163,13
1600,798,327,5,1438,71
1601,589,132,2,707,50
1602,341,75,3,4552,83
1603,750,118,2,3112,87
1604,815,60,2,4990,97
1605,751,227,1,4198,84
1606,727,97,5,2604,21
1607,991,253,2,3408,91
1608,345,60,5,1422,76
1609,964,244,4,4471,35
1610,550,221,4,509,40
1611,456,235,5,352,90
1612,719,115,3,1372,97
1613,697,26,2,4405,68
1614,8,36,2,4222,88
1615,902,232,5,4481,36
1616,5030,13,3,4274,62
1617,796,15,1,4390,69
1618,198,488,5,2769,13
1619,398,200,2,3901,4
1620,90,432,2,832,83
1621,806,395,4,4897,25
1622,5589,484,5,549,22
1623,449,343,-3,4134,95
1624,863,38,5,4313,50
1625,620,132,4,3230,18
1626,367,28,2,4657,11
1627,35,6,2,4951,30
1628,153,30,5,4834,97
1629,189,181,1,858,52
1630,144,166,3,4022,44
1631,695,360,2,734,86
1632,779,397,3,2101,88
1633,205,500,2,1559,20
1634,945,470,1,4278,55
1635,468,469,3,4537,83
1636,366,11,5,4408,77
1637,932,199,5,3256,16
1638,298,8,5,4218,17
1639,839,158,2,1635,96
1640,869,158,3,1464,28
1641,606,112,1,4225,30
1642,380,237,1,4626,84
1643,923,453,5,1639,57
1644,25,362,2,3263,20
1645,117,80,4,2858,13
1646,627,330,5,3228,9
1647,625,122,4,2866,96
1648,722,416,1,3930,3
1649,578,50,1,2942,75
1650,758,280,2,4750,5
1651,865,260,2,3010,87
1652,432,7,-2,2137,11
1653,975,404,5,3437,13
1654,172,305,3,583,79
1655,934,416,3,342,96
1656,116,477,3,3296,75
1657,854,163,5,1707,95
1658,507,295,3,4456,5
1659,538,39,3,2766,0
1660,513,102,5,2171,20
1661,620,319,5,1453,52
1662,158,86,2,1401,37
1663,872,386,2,707,2
1664,103,346,3,4251,33
1665,798,201,4,3539,36
1666,640,114,3,2681,86
1667,621,395,4,2665,89
1668,345,164,4,1207,66
1669,949,368,5,1693,47
1670,786,368,4,3263,55
1671,489,80,3,3329,100
1672,714,243,5,4885,66
1673,404,123,4,754,16
1674,74,174,1,2219,26
1675,679,365,1,3907,94
1676,700,45,5,2879,96
1677,89,329,2,2326,50
1678,33,98,5,4499,26
1679,966,13,4,4552,78
1680,453,319,2,4628,2
1681,426,85,1,271,85
1682,447,101,5,4681,82
1683,939,79,5,1157,41
1684,705,80,3,4526,60
1685,593,102,3,1460,55
1686,49,487,3,1653,64
1687,174,376,5,2811,96
1688,447,84,2,1728,54
1689,651,484,5,4479,31
1690,646,229,1,4556,28
1691,350,187,2,803,51
1692,323,144,3,4335,75
1693,627,64,2,2110,90
1694,488,388,4,4880,55
1695,755,244,1,579,1
1696,896,81,1,1028,38
1697,111,134,5,4542,73
1698,71,360,3,201,75
1699,423,432,4,656,61
1700,687,76,3,1405,75
1701,884,132,3,1582,45
1702,529,98,4,2091,23
1703,116,109,5,1663,44
1704,429,151,3,328,39
1705,442,17,4,4908,8
1706,966,67,1,234,64
1707,656,291,4,3050,44
1708,257,253,4,4509,50
1709,930,365,5,1627,61
1710,340,438,5,3095,18
1711,856,494,5,3730,51
1712,123,242,4,462,6
1713,964,214,4,2134,59
1714,791,308,1,4770,85
1715,599,395,5,1598,45
1716,409,86,4,3458,60
1717,783,47,5,973,54
1718,634,184,4,788,72
1719,341,129,3,4558,85
1720,88,155,3,802,76
1721,248,434,1,4685,3
1722,462,454,5,3697,66
1723,471,247,1,300,69
1724,807,342,5,2209,17
1725,30,384,3,3755,11
1726,559,82,4,3143,24
1727,550,379,2,1543,49
1728,534,130,4,802,61
1729,386,76,5,4776,84
1730,88,58,3,2054,50
1731,987,429,2,941,95
1732,16,16,3,3071,12
1733,985,465,4,520,27
1734,680,282,4,1918,36
1735,616,21,5,4833,20
1736,563,461,5,3807,3
1737,306,305,4,2449,79
1738,259,137,1,2964,51
1739,834,372,-4,2061,52
1740,477,380,2,1699,48
1741,878,311,2,3744,80
1742,831,391,5,1406,78
1743,5895,293,3,4121,82
1744,429,109,3,1190,90
1745,826,109,1,1200,18
1746,640,70,1,1401,78
1747,410,112,1,4355,93
1748,297,302,3,4772,12
1749,480,336,4,3793,55
1750,643,319,4,817,9
1751,118,174,4,2988,89
1752,331,429,2,4819,14
1753,846,127,5,1800,48
1754,86,272,4,1311,92
1755,201,93,3,3757,91
1756,699,40,1,1072,47
1757,485,140,3,3757,0
1758,273,234,1,202,97
1759,534,33,5,2240,40
1760,581,474,3,3301,72
1761,466,490,3,3703,34
1762,520,141,3,1450,99
1763,593,241,1,4371,87
1764,530,246,1,1415,79
1765,579,328,5,707,73
1766,5,218,4,4426,80
1767,144,177,4,3053,6
1768,454,132,5,131,12
1769,405,281,-4,2726,64
1770,449,373,1,3776,0
1771,768,326,5,415,2
1772,518,257,5,4623,26
1773,57,143,1,4933,28
1774,293,34,5,4082,17
1775,5687,485,2,2546,72
1776,844,318,-2,4299,0
1777,765,134,4,1772,60
1778,370,18,5,2716,25
1779,834,395,3,4945,46
1780,499,13,3,2240,31
1781,589,34,2,1159,70
1782,15,459,1,3282,22
1783,133,402,1,2457,8
1784,595,194,4,2796,95
1785,688,364,4,2585,24
1786,981,340,4,1760,94
1787,329,302,2,3457,90
1788,90,374,2,2502,76
1789,848,174,5,3346,87
1790,363,146,2,2121,84
1791,480,450,1,2933,14
1792,791,478,3,2336,61
1793,593,340,3,887,65
1794,917,299,5,3086,8
1795,323,273,3,4107,33
1796,352,354,2,4081,12
1797,241,171,2,1601,58
1798,488,194,4,490,91
1799,206,54,5,4634,64
1800,700,440,2,1976,90
1801,899,199,5,4210,33
1802,954,445,2,4895,40
1803,921,37,5,3521,44
1804,184,59,1,1486,78
1805,426,405,2,1823,13
1806,325,275,1,3947,100
1807,80,295,5,2644,6
1808,182,35,2,2652,56
1809,113,159,3,1208,40
1810,227,285,5,2539,3
1811,236,410,1,4795,83
1812,72,206,5,4512,95
1813,425,17,4,4315,94
1814,553,189,5,2787,23
1815,724,204,4,1619,27
1816,246,125,2,1607,70
1817,369,161,4,4513,89
1818,773,259,3,3062,88
1819,433,29,4,298,74
1820,942,2,2,2276,99
1821,546,226,-2,1435,2
1822,23,479,1,3116,32
1823,176,465,4,2106,37
1824,350,388,2,1006,40
1825,706,147,5,4050,50
1826,470,95,5,1321,5
1827,384,55,1,4902,82
1828,437,407,3,4100,61
1829,781,62,5,3406,9
1830,32,450,4,4819,81
1831,779,445,2,2263,3
1832,725,393,3,1918,53
1833,735,432,5,3088,20
1834,426,107,2,2411,65
1835,165,103,5,4236,11
1836,166,101,4,150,80
1837,728,218,5,1090,81
1838,972,284,5,1921,85
1839,995,372,5,4829,74
1840,526,352,4,2684,86
1841,446,226,3,2751,74
1842,652,93,2,1728,85
1843,782,417,3,1239,40
1844,485,212,3,480,11
1845,529,283,3,3883,30
1846,29,372,3,4778,38
1847,618,106,3,1980,98
1848,922,306,4,557,24
1849,242,499,1,482,96
1850,446,55,2,2085,5
1851,826,63,2,2251,31
1852,79,208,1,2632,78
1853,244,372,5,1643,52
1854,223,163,1,3799,33
1855,364,226,3,4870,33
1856,775,288,2,798,97
1857,766,247,-1,2179,53
1858,234,379,5,829,55
1859,644,142,1,1402,14
1860,873,169,2,3832,4
1861,328,17,5,4484,23
1862,296,102,4,821,77
1863,562,346,5,3545,59
1864,215,341,3,248,10
1865,733,325,2,3814,40
1866,465,174,1,4060,66
1867,542,475,1,1381,79
1868,92,100,-2,4416,16
1869,430,69,4,2762,96
1870,626,69,-5,2928,4
1871,715,450,4,2045,57
1872,430,276,4,3991,62
1873,641,45,3,2211,80
1874,231,497,3,2956,100
1875,525,311,1,579,48
1876,119,144,5,1845,61
1877,569,245,5,4491,69
1878,459,490,2,2922,97
1879,932,418,3,551,45
1880,281,335,5,1000,0
1881,128,172,1,1403,52
1882,588,118,-1,3939,80
1883,695,326,1,4788,75
1884,510,301,3,1828,24
1885,767,227,3,4006,60
1886,606,413,1,4207,20
1887,345,185,2,242,72
1888,90,493,2,4143,70
1889,501,368,5,853,87
1890,242,229,1,2704,29
1891,456,294,4,1682,32
1892,27,82,2,1149,77
1893,138,222,1,1375,66
1894,575,426,5,271,23
1895,418,199,4,215,3
1896,881,347,5,3225,90
1897,493,54,-1,437,53
1898,140,215,5,2771,19
1899,309,464,4,2203,13
1900,732,193,1,3229,90
1901,565,309,2,4642,55
1902,772,298,1,1552,77
1903,553,12,2,4047,66
1904,285,376,2,4146,83
1905,901,468,3,3942,10
1906,87,340,1,3599,36
1907,720,312,3,4368,68
1908,125,159,3,2399,6
1909,30,185,4,453,23
1910,79,134,4,3158,3
1911,299,428,4,4400,45
1912,858,343,4,4742,21
1913,426,455,2,3751,70
1914,250,48,3,1054,38
1915,2,433,1,691,76
1916,629,307,4,1521,31
1917,21,363,3,707,83
1918,585,33,3,570,54
1919,768,447,1,1267,21
1920,133,60,-3,1105,31
1921,237,402,1,2937,22
1922,123,175,5,4525,9
1923,708,30,2,2089,90
1924,151,422,1,3738,84
1925,141,115,5,2194,44
1926,483,235,1,3854,23
1927,135,87,5,1538,120
1928,316,326,5,3814,85
1929,982,229,3,468,18
1930,634,216,2,1308,39
1931,176,129,1,4089,49
1932,430,471,1,1989,66
1933,831,347,5,4376,42
1934,561,17,1,3144,77
1935,412,457,1,3856,36
1936,86,126,5,4113,69
1937,18,11,5,1253,95
1938,894,227,4,3237,92
1939,580,220,1,1521,90
1940,921,23,2,973,80
1941,162,62,1,4870,89
1942,729,259,2,2062,7
1943,161,455,1,3273,75
1944,635,307,2,3424,34
1945,631,425,4,4339,67
1946,193,65,4,2381,54
1947,5166,76,4,1146,55
1948,725,276,5,4394,56
1949,539,422,2,4875,57
1950,790,319,3,879,42
1951,407,340,1,3403,99
1952,744,189,4,4716,31
1953,428,231,3,1752,9
1954,588,443,4,3170,1
1955,924,277,2,1155,81
1956,322,179,3,2430,75
1957,57,136,2,1298,94
1958,362,171,2,210,19
1959,873,315,3,174,64
1960,83,422,5,225,96
1961,263,293,1,4354,49
1962,528,22,2,1064,26
1963,857,110,1,1810,91
1964,191,168,-2,1048,20
1965,862,358,5,3514,40
1966,793,114,3,3959,69
1967,224,30,5,3903,1
1968,874,138,5,1298,28
1969,108,364,4,817,99
1970,199,82,2,2846,19
1971,8,24,2,547,39
1972,879,272,2,3700,98
1973,216,261,5,2829,45
1974,712,442,2,4250,65
1975,5055,65,1,129,12
1976,774,81,4,442,28
1977,835,66,-5,4242,2
1978,80,269,2,3510,8
1979,985,416,4,720,12
1980,844,339,4,1089,19
1981,5838,280,4,1648,61
1982,580,435,2,4706,60
1983,251,199,3,3710,70
1984,595,4,4,3669,71
1985,5094,394,3,418,80
1986,629,63,5,3135,9
1987,807,122,4,3728,73
1988,732,279,1,2808,33
1989,855,239,1,709,62
1990,722,331,4,4581,33
1991,61,400,5,2232,10
1992,387,336,5,952,9
1993,16,389,5,1098,29
1994,899,59,1,3793,10
1995,595,107,1,3249,43
1996,717,308,5,3387,78
1997,381,138,3,4543,92
1998,801,311,1,1980,65
1999,842,368,4,2699,86
2000,169,466,5,4193,44
2001,863,356,3,4794,72
2002,967,240,4,1708,30
2003,307,75,2,4215,16
2004,643,347,4,4032,16
2005,823,96,1,1344,62
2006,596,5,1,4509,80
2007,434,215,-2,2677,51
2008,348,30,2,3404,51
2009,314,418,2,1576,5
2010,993,441,4,4025,11
2011,180,231,4,585,9
2012,312,398,4,3880,46
2013,871,459,2,1706,50
2014,492,35,5,4298,72
2015,545,312,5,3741,48
2016,764,297,5,4314,38
2017,411,22,2,4978,54
2018,105,123,4,3363,100
2019,942,253,3,4985,94
2020,103,172,2,2629,67
2021,330,167,4,2624,71
2022,138,269,4,1604,70
2023,815,500,4,4608,8
2024,870,162,2,2219,48
2025,443,181,3,152,55
2026,332,470,1,4451,26
2027,830,478,3,1179,51
2028,833,268,4,716,44
2029,5362,492,5,2406,82
2030,886,437,2,2758,3
2031,268,265,5,4800,80
2032,378,162,3,2445,89
2033,506,170,1,2075,30
2034,870,43,4,4245,99
2035,989,24,1,1276,38
2036,894,119,2,575,28
2037,803,334,1,1147,48
2038,207,325,4,3004,83
2039,123,428,3,3571,16
2040,259,133,4,234,47
2041,843,465,3,1691,59
2042,626,263,3,376,46
2043,926,103,4,1951,38
2044,86,10,2,249,63
2045,188,441,2,1036,4
2046,238,178,1,1803,8
2047,195,107,-1,3700,62
2048,753,242,4,2172,58
2049,649,377,-4,2287,23
2050,134,24,1,3285,35
2051,445,393,1,4867,70
2052,780,132,5,1846,18
2053,341,219,4,2140,43
2054,38,74,3,3847,76
2055,796,262,5,1081,78
2056,137,23,1,3125,67
2057,170,387,2,4328,92
2058,987,481,2,4640,49
2059,487,228,5,3974,68
2060,246,129,1,1474,4
2061,697,468,1,1255,24
2062,885,311,2,4870,30
2063,929,426,5,2310,3
2064,964,317,3,1815,35
2065,18,56,1,3542,53
2066,536,25,2,588,7
2067,555,380,1,3353,50
2068,148,340,5,4424,99
2069,468,98,3,580,10
2070,486,420,4,3970,3
2071,631,343,1,2088,31
2072,647,191,2,1035,80
2073,420,224,5,3170,52
2074,442,472,3,284,17
2075,868,340,1,4062,7
2076,506,490,3,2745,21
2077,26,274,4,383,21
2078,72,462,1,3454,43
2079,474,262,5,2213,84
2080,149,357,3,3782,5
2081,583,150,3,341,45
2082,389,53,2,1144,50
2083,193,127,3,1397,31
2084,98,228,3,4806,48
2085,505,71,5,2908,13
2086,393,236,2,397,6
2087,24,256,2,2796,80
2088,8,324,4,3990,26
2089,605,188,5,673,39
2090,51,128,1,2812,63
2091,56,316,5,678,16
2092,782,136,5,2946,67
2093,894,318,2,4594,87
2094,68,14,1,3687,21
2095,462,156,3,4952,74
2096,294,35,5,1849,31
2097,398,310,5,4066,29
2098,606,486,2,1821,69
2099,11,223,3,1242,80
2100,147,411,2,4130,67
2101,503,357,4,3177,7
2102,102,18,5,259,75
2103,780,233,5,2620,93
2104,163,206,4,1968,83
2105,131,172,2,4558,20
2106,223,59,2,3326,87
2107,696,69,1,484,58
2108,934,195,3,1477,89
2109,647,345,1,1098,18
2110,445,281,2,2274,40
2111,23,464,1,2407,54
2112,349,290,3,1568,28
2113,963,464,5,3232,71
2114,913,263,5,3792,81
2115,675,374,4,587,66
2116,112,12,4,4796,43
2117,82,41,1,4598,9
2118,455,469,2,2274,120
2119,67,91,1,4576,55
2120,659,41,4,4319,18
2121,482,20,5,2676,79
2122,137,81,5,1383,9
2123,661,97,3,835,69
2124,43,165,1,3091,60
2125,756,60,5,3929,72
2126,214,213,4,4874,38
2127,156,308,1,794,72
2128,134,298,4,1350,3
2129,640,471,5,155,84
2130,418,84,5,4709,73
2131,956,225,2,4952,6
2132,175,444,5,2065,76
2133,678,68,3,814,90
2134,620,51,4,4345,40
2135,666,413,2,3455,83
2136,287,491,3,861,29
2137,707,226,1,620,48
2138,923,365,1,3702,28
2139,42,156,1,4606,35
2140,853,89,4,4723,77
2141,456,185,4,4672,71
2142,689,356,4,3930,85
2143,599,489,4,2443,78
2144,987,379,1,304,4
2145,728,347,2,403,96
2146,791,279,2,2701,82
2147,943,452,1,273,36
2148,635,96,4,1390,45
2149,372,116,4,494,38
2150,419,280,-4,245,89
2151,44,76,5,2022,66
2152,685,98,2,4202,75
2153,463,457,2,1303,83
2154,206,494,-5,994,51
2155,452,46,4,1715,58
2156,756,481,2,4188,71
2157,211,208,4,273,85
2158,224,494,5,4513,78
2159,19,50,2,2016,23
2160,329,11,4,2936,98
2161,603,169,4,2156,2
2162,102,404,5,2729,17
2163,266,465,5,4061,38
2164,354,471,3,3435,84
2165,982,368,2,3180,58
2166,5699,182,2,2316,73
2167,114,107,1,3104,68
2168,940,196,4,3142,80
2169,127,372,2,2769,60
2170,122,451,5,2278,60
2171,622,169,2,1973,14
2172,770,317,5,2542,95
2173,941,349,1,4141,78
2174,715,139,5,511,86
2175,564,304,2,213,81
2176,80,70,1,3997,99
2177,904,228,5,4322,62
2178,235,356,4,3993,63
2179,104,402,2,1562,54
2180,302,277,3,910,85
2181,369,189,5,2351,35
2182,635,296,3,2025,78
2183,790,154,3,2062,95
2184,281,237,4,4807,60
2185,926,425,2,3652,65
2186,310,453,2,1757,68
2187,364,416,3,761,11
2188,177,314,1,184,3
2189,55,475,4,2648,39
2190,218,228,4,1104,16
2191,235,134,3,1404,86
2192,946,411,2,3461,84
2193,898,372,4,763,15
2194,969,236,2,998,55
2195,27,389,1,4618,10
2196,850,4,1,3235,26
2197,340,154,3,2282,20
2198,754,481,2,2454,17
2199,106,308,4,3163,75
2200,765,160,4,1276,30
2201,387,410,5,416,57
2202,302,163,4,3445,16
2203,522,224,2,171,80
2204,912,476,3,2604,14
2205,468,182,4,1419,82
2206,953,432,1,904,27
2207,171,484,2,4209,95
2208,180,380,5,4946,47
2209,694,396,1,3690,88
2210,508,424,3,2376,16
2211,149,305,4,568,21
2212,484,261,1,1066,1
2213,247,316,2,2294,35
2214,61,178,3,3239,99
2215,719,462,2,3322,46
2216,868,118,4,2532,41
2217,973,145,2,4338,89
2218,902,253,3,1812,59
2219,209,166,2,3634,17
2220,714,356,4,980,22
2221,815,179,3,214,87
2222,28,223,1,2131,6
2223,550,236,4,4910,42
2224,57,243,4,2475,34
2225,5599,446,2,508,1
2226,481,76,4,4507,45
2227,973,60,1,4808,61
2228,401,135,2,2933,40
2229,812,42,5,3476,20
2230,407,486,4,2178,67
2231,497,7,3,2060,58
2232,136,311,1,4206,15
2233,254,190,5,2454,20
2234,900,38,1,1651,67
2235,682,411,5,1418,11
2236,643,429,2,3253,0
2237,372,160,2,4138,81
2238,558,38,5,181,41
2239,25,368,1,1687,5
2240,5816,425,3,2047,35
2241,415,264,2,1718,19
2242,568,72,2,2962,24
2243,652,151,2,2075,40
2244,148,19,5,2922,66
2245,283,136,3,3620,88
2246,644,484,3,762,18
2247,63,120,5,4856,57
2248,637,304,3,3501,9
2249,212,94,4,1174,10
2250,576,63,2,2500,56
2251,310,389,3,4310,36
2252,722,233,1,3536,93
2253,357,153,1,2709,19
2254,79,464,-4,2562,44
2255,96,413,5,1413,63
2256,787,265,2,612,1
2257,320,428,3,859,27
2258,234,435,5,2850,90
2259,473,124,5,4535,80
2260,233,470,2,3803,28
2261,993,440,2,205,37
2262,234,133,2,867,0
2263,568,127,5,2533,17
2264,805,303,4,3749,12
2265,573,262,1,1441,7
2266,98,54,2,1679,46
2267,903,121,-3,183,97
2268,402,272,2,392,4
2269,545,324,3,230,96
2270,569,362,2,1074,30
2271,83,46,4,2999,5
2272,687,81,2,1497,52
2273,272,341,3,814,86
2274,751,32,4,934,8
2275,174,466,2,795,53
2276,709,27,4,260,41
2277,704,195,1,2348,19
2278,479,371,3,2573,9
2279,186,465,4,1646,85
2280,52,479,4,4355,27
2281,226,393,4,4131,83
2282,551,313,5,2058,53
2283,683,48,5,1073,87
2284,897,188,3,2656,67
2285,54,106,4,3837,48
2286,589,325,4,2687,5
2287,818,158,4,1986,33
2288,781,336,4,3931,0
2289,759,269,1,1412,59
2290,32,474,5,2140,94
2291,982,316,4,1267,57
2292,143,258,2,1483,13
2293,243,32,3,3081,34
2294,862,327,1,2127,92
2295,878,270,5,214,2
2296,985,346,2,1872,75
2297,55,106,5,3141,49
2298,827,91,2,242,91
2299,545,132,4,4271,25
2300,15,35,5,2109,48
2301,882,63,1,3860,44
2302,535,400,2,672,95
2303,908,349,4,1419,73
2304,210,451,1,2312,54
2305,829,70,3,1794,91
2306,750,160,-3,4785,6
2307,935,250,1,802,91
2308,198,386,2,633,23
2309,221,322,4,3248,120
2310,521,145,2,4908,32
2311,288,486,4,1197,97
2312,904,387,2,3997,58
2313,893,62,5,1714,100
2314,207,36,-3,1340,90
2315,414,255,3,1069,90
2316,219,295,2,3204,20
2317,941,301,3,407,99
2318,942,8,4,771,20
2319,773,172,3,4411,19
2320,908,473,5,3482,19
2321,46,185,2,694,51
2322,761,465,5,3581,16
2323,999,489,2,4871,46
2324,690,432,2,383,0
2325,580,116,5,1425,63
2326,981,378,1,2496,42
2327,911,144,1,1566,86
2328,662,390,1,4425,83
2329,531,122,1,275,77
2330,338,500,1,1115,76
2331,789,477,4,2037,59
2332,894,261,3,4770,48
2333,869,190,5,2309,32
2334,98,148,1,1540,91
2335,957,419,4,3647,41
2336,641,66,5,2989,68
2337,680,473,5,994,53
2338,642,460,1,818,65
2339,908,357,4,2401,19
2340,636,213,4,1872,12
2341,445,297,1,4078,4
2342,347,61,1,4664,98
2343,815,317,5,260,75
2344,973,394,1,2627,26
2345,252,128,1,2429,1
2346,163,338,5,4105,47
2347,198,293,2,2148,51
2348,818,484,1,2432,47
2349,515,192,3,2352,50
2350,893,149,4,4466,9
2351,885,111,-1,4670,70
2352,233,148,3,2431,55
2353,9,20,5,2497,67
2354,5511,386,1,4452,43
2355,968,91,3,3176,28
2356,749,355,4,4435,93
2357,686,78,4,501,0
2358,848,70,3,4272,95
2359,131,35,3,104,26
2360,534,352,4,1767,91
2361,796,70,3,1137,75
2362,812,161,4,3546,100
2363,626,124,5,2397,33
2364,915,190,3,833,45
2365,726,99,1,2106,78
2366,165,438,3,447,37
2367,832,261,5,258,94
2368,829,93,2,3302,54
2369,994,227,5,1736,21
2370,953,247,3,3754,66
2371,611,162,1,2096,46
2372,739,34,3,2846,63
2373,66,442,4,3640,82
2374,452,132,4,3242,10
2375,497,7,4,2394,31
2376,280,164,4,2666,86
2377,4,453,4,758,47
2378,774,93,3,2847,30
2379,862,442,1,1532,38
2380,242,81,2,1508,77
2381,540,458,5,2792,35
2382,613,99,3,207,100
2383,368,188,3,2476,15
2384,39,33,5,2116,42
2385,683,463,5,826,18
2386,789,326,3,4543,8
2387,501,373,3,4880,9
2388,91,454,1,2505,16
2389,227,209,5,3840,63
2390,18,447,1,4477,61
2391,474,243,2,4987,40
2392,24,480,4,2009,24
2393,335,155,1,2861,52
2394,67,165,-1,329,43
2395,736,229,2,2083,96
2396,522,16,2,1072,56
2397,242,151,5,4184,98
2398,242,287,2,249,28
2399,595,260,2,409,71
2400,189,342,4,1778,23
2401,584,63,3,1174,0
2402,367,160,2,3458,19
2403,586,435,4,1854,64
2404,728,217,3,3429,1
2405,856,209,1,3246,91
2406,736,15,4,1390,71
2407,696,109,2,3825,74
2408,244,6,1,4025,52
2409,723,65,3,4966,3
2410,446,251,5,1118,69
2411,821,159,1,1598,74
2412,625,449,3,387,87
2413,625,213,5,3486,6
2414,33,437,4,554,70
2415,337,349,2,2550,72
2416,672,482,2,4479,81
2417,640,27,5,2481,11
2418,915,300,4,531,10
2419,591,41,1,3922,87
2420,994,423,2,3342,29
2421,904,130,4,2544,91
2422,540,305,5,3660,92
2423,778,112,2,2006,25
2424,905,295,4,1462,77
2425,603,39,5,4834,19
2426,660,409,2,4076,74
2427,912,405,5,3482,93
2428,823,431,3,2582,97
2429,830,7,1,1585,15
2430,818,93,2,1585,1
2431,741,382,2,2304,55
2432,242,469,4,3509,93
2433,414,166,2,235,83
2434,657,234,5,665,44
2435,407,233,4,4499,6
2436,801,282,1,1175,84
2437,971,329,2,2103,51
2438,956,122,4,612,71
2439,95,58,5,2681,92
2440,764,69,3,2376,36
2441,569,250,1,2208,13
2442,271,438,4,4216,21
2443,64,380,1,1803,23
2444,216,425,4,4850,74
2445,788,245,2,3572,97
2446,350,265,1,4280,46
2447,991,120,5,3536,43
2448,290,68,2,4126,76
2449,135,488,4,2859,81
2450,268,191,2,1607,84
2451,942,98,5,2672,30
2452,874,238,1,1375,24
2453,347,321,5,2725,50
2454,896,157,1,334,34
2455,452,281,5,157,82
2456,647,159,5,836,43
2457,559,110,2,722,47
2458,806,39,4,3825,68
2459,224,311,4,1414,100
2460,939,367,2,2705,26
2461,483,344,-5,2518,77
2462,980,268,5,1327,28
2463,5190,89,3,2213,64
2464,969,360,3,4311,59
2465,821,179,3,1450,79
2466,756,144,5,1536,48
2467,237,166,2,4538,90
2468,399,74,5,2903,8
2469,599,442,3,2575,1
2470,910,489,2,4219,26
2471,932,351,2,469,38
2472,66,491,1,224,17
2473,485,281,2,3839,28
2474,680,19,4,4881,4
2475,730,317,1,1427,80
2476,829,127,5,1200,9
2477,260,147,3,758,78
2478,56,123,2,3218,95
2479,261,31,2,1899,0
2480,509,140,2,1120,84
2481,701,32,2,2140,74
2482,816,5,2,2861,20
2483,252,143,1,1817,120
2484,5258,184,3,499,73
2485,502,104,1,3593,87
2486,455,3,2,3262,47
2487,945,61,4,3745,71
2488,36,142,1,575,8
2489,733,490,4,684,6
2490,390,62,5,1208,93
2491,863,126,3,4472,92
2492,366,96,2,1267,77
2493,896,468,5,3542,30
2494,281,366,2,2945,86
2495,544,455,2,4675,24
2496,333,405,2,4247,87
2497,27,61,3,585,69
2498,696,303,2,4456,19
2499,346,134,2,2322,37
2500,408,71,1,2865,5
2501,331,326,4,1938,50
2502,203,473,5,176,31
2503,542,18,5,3387,30
2504,333,267,2,4199,38
2505,134,229,1,1365,39
2506,510,286,1,1693,98
2507,670,414,2,2570,85
2508,687,431,1,3897,65
2509,540,141,4,2617,35
2510,580,396,2,3564,78
2511,232,99,5,1732,37
2512,71,322,4,3672,59
2513,462,58,4,2407,27
2514,816,426,4,2497,81
2515,721,18,1,3664,27
2516,100,352,3,3111,77
2517,232,146,3,3310,7
2518,330,139,4,257,37
2519,174,469,-2,4727,27
2520,376,472,5,1026,9
2521,673,373,1,3997,33
2522,672,45,4,4370,42
2523,729,422,1,2598,68
2524,992,193,3,2973,6
2525,182,124,1,1160,83
2526,895,454,3,3624,0
2527,586,261,1,1501,46
2528,540,454,1,1889,17
2529,674,18,1,724,27
2530,926,455,3,4854,74
2531,64,407,3,3029,30
2532,205,465,4,3318,60
2533,102,460,5,4016,25
2534,938,298,2,683,67
2535,916,496,1,319,28
2536,66,312,2,3313,38
2537,5528,295,4,433,60
2538,462,140,3,2131,17
2539,928,238,4,3960,79
2540,715,396,2,3883,61
2541,281,280,3,1764,94
2542,19,446,4,4444,31
2543,840,72,4,937,78
2544,385,438,3,2771,53
2545,566,245,4,2256,100
2546,440,111,4,1162,24
2547,558,279,2,3803,19
2548,841,213,3,588,73
2549,547,281,2,2076,84
2550,242,193,2,3436,38
2551,380,359,5,634,66
2552,555,330,1,4633,79
2553,501,359,1,3028,76
2554,250,102,5,1226,120
2555,717,287,1,1136,5
2556,351,167,4,996,53
2557,983,209,4,4961,99
2558,983,419,3,4242,39
2559,20,101,1,2166,58
2560,627,172,3,2929,59
2561,443,24,5,742,65
2562,296,321,3,3832,14
2563,287,238,4,939,83
2564,159,481,4,1138,25
2565,786,421,3,493,97
2566,626,478,4,4774,97
2567,688,376,4,2770,78
2568,269,370,5,2070,84
2569,195,286,4,2485,96
2570,812,234,4,1361,47
2571,999,270,5,3728,39
2572,830,345,3,1658,9
2573,52,247,4,4628,85
2574,629,138,1,4594,85
2575,533,164,-3,476,87
2576,189,418,5,3836,15
2577,253,240,1,3497,40
2578,169,452,4,274,14
2579,244,345,2,2091,19
2580,207,20,3,2675,41
2581,912,445,2,3146,51
2582,458,318,2,3593,94
2583,841,62,2,3270,48
2584,637,329,1,1061,21
2585,650,184,4,4861,50
2586,283,490,5,2619,50
2587,715,311,2,4442,98
2588,440,225,5,1040,25
2589,517,499,5,2624,69
2590,238,422,5,1382,68
2591,271,4,1,4238,24
2592,89,135,3,1551,71
2593,561,149,1,4270,58
2594,656,334,4,3028,29
2595,5231,439,5,4622,0
2596,266,395,4,1425,77
2597,483,199,3,1238,13
2598,629,231,5,1886,10
2599,767,127,1,1331,6
2600,763,396,3,786,88
2601,653,495,3,2536,42
2602,251,178,5,3259,69
2603,109,69,2,2029,22
2604,35,3,4,2407,49
2605,221,104,2,2005,11
2606,689,413,5,265,63
2607,609,298,4,2776,47
2608,568,346,4,1125,53
2609,209,162,2,441,15
2610,249,291,2,2207,70
2611,585,303,1,3272,40
2612,130,149,4,1131,88
2613,314,321,4,266,14
2614,460,222,1,2116,72
2615,194,217,1,1959,64
2616,408,404,3,2748,64
2617,727,100,4,4414,24
2618,94,207,4,1611,70
2619,473,319,2,4063,8
2620,613,82,2,2754,54
2621,826,418,3,1690,26
2622,183,413,2,4917,45
2623,5095,489,-5,4095,53
2624,745,273,2,3269,31
2625,909,7,5,3040,46
2626,276,390,-5,4380,11
2627,817,406,4,2223,56
2628,852,271,4,1643,66
2629,107,416,2,438,45
2630,693,69,3,3412,88
2631,656,161,4,2454,71
2632,360,33,3,1355,24
2633,574,411,1,273,0
2634,859,315,2,3817,64
2635,90,232,5,4875,31
2636,7,472,3,2760,17
2637,338,43,4,4542,40
2638,531,427,3,3802,27
2639,101,300,1,1258,65
2640,619,187,1,4662,50
2641,928,478,5,3737,79
2642,94,175,5,3512,56
2643,71,335,4,241,72
2644,565,444,4,4624,52
2645,862,102,1,4416,84
2646,563,457,5,1388,89
2647,594,462,1,3675,17
2648,189,137,5,2384,5
2649,926,372,5,606,56
2650,983,307,3,4375,6
2651,587,259,1,428,59
2652,137,440,4,1274,4
2653,132,418,1,3662,92
2654,711,29,5,3112,77
2655,722,41,2,817,33
2656,296,391,4,1892,76
2657,630,26,-2,2493,68
2658,598,187,3,933,89
2659,180,102,5,382,2
2660,5164,171,4,943,59
2661,436,368,5,3039,61
2662,791,319,3,3079,16
2663,405,223,2,2029,98
2664,968,236,1,4381,57
2665,750,22,4,4130,52
2666,925,350,3,1688,50
2667,775,228,4,2830,23
2668,5763,267,3,496,78
2669,253,500,5,4539,60
2670,944,120,5,4981,57
2671,5779,203,1,184,20
2672,494,9,3,4061,96
2673,616,325,1,2271,35
2674,805,65,1,349,45
2675,81,182,5,3477,98
2676,505,159,3,207,98
2677,54,285,3,4133,40
2678,579,460,4,3949,87
2679,793,47,1,815,37
2680,36,278,4,2448,8
2681,798,348,4,648,42
2682,524,260,1,1211,89
2683,891,66,4,1985,13
2684,282,435,3,1362,74
2685,177,99,1,1321,76
2686,683,239,2,1000,76
2687,863,304,1,2500,45
2688,208,36,1,311,94
2689,909,50,5,1492,17
2690,650,204,-5,2661,68
2691,736,209,5,4941,76
2692,788,446,2,4924,63
2693,691,485,-3,1413,89
2694,659,329,5,2482,61
2695,695,192,3,3923,29
2696,748,329,-2,2144,65
2697,46,1,4,139,68
2698,259,139,3,2848,9
2699,756,41,4,718,80
2700,310,237,2,1191,27
2701,613,480,1,2238,92
2702,899,247,1,2234,8
2703,351,61,2,2205,44
2704,988,400,2,2820,25
2705,972,361,5,4097,0
2706,56,415,4,1818,18
2707,60,373,2,2642,65
2708,79,247,-5,2838,85
2709,123,353,3,2052,52
2710,736,251,1,3058,95
2711,697,223,1,3536,30
2712,236,47,5,2072,50
2713,676,469,2,2190,10
2714,635,69,2,2330,32
2715,229,278,2,3836,27
2716,917,491,-3,1066,19
2717,33,421,2,2113,64
2718,547,399,3,2979,23
2719,612,346,3,1274,11
2720,543,466,5,1937,120
2721,7,42,3,3838,43
2722,881,488,2,2543,55
2723,11,218,1,539,5
2724,229,380,2,1252,5
2725,843,300,5,176,72
2726,687,25,3,280,20
2727,401,276,1,1994,97
2728,466,373,1,195,95
2729,646,38,2,2183,67
2730,34,188,4,1304,24
2731,520,80,1,246,33
2732,914,380,2,1912,96
2733,779,327,-3,647,54
2734,479,93,1,1746,77
2735,480,267,-4,1073,92
2736,782,485,4,987,1
2737,781,72,5,4194,30
2738,511,427,3,3113,58
2739,815,38,3,833,8
2740,602,22,3,3763,47
2741,988,497,1,477,11
2742,550,76,4,3108,3
2743,5132,273,3,4097,94
2744,666,414,2,3982,33
2745,264,340,4,4978,59
2746,5493,53,4,2456,31
2747,911,363,5,129,79
2748,991,80,5,2841,64
2749,957,331,4,2645,26
2750,843,104,4,275,30
2751,817,73,4,4333,19
2752,485,122,1,3738,99
2753,810,95,1,4005,20
2754,179,135,5,3832,20
2755,350,183,5,356,50
2756,831,174,2,1486,0
2757,50,250,-5,1125,5
2758,714,459,1,4062,12
2759,296,162,4,1926,39
2760,380,94,2,3661,71
2761,611,223,-3,2510,55
2762,940,383,4,4978,97
2763,603,334,1,4812,58
2764,526,26,5,529,52
2765,777,362,3,2664,24
2766,930,122,3,4726,30
2767,187,338,4,2826,34
2768,236,113,3,4549,70
2769,284,304,2,677,65
2770,183,51,5,4859,61
2771,582,465,5,3548,8
2772,112,155,3,1369,58
2773,427,66,2,3303,93
2774,330,236,5,3961,63
2775,204,72,3,2346,33
2776,64,300,5,2023,72
2777,144,199,5,3579,23
2778,620,192,5,4803,55
2779,638,168,3,4397,77
2780,168,143,3,1617,56
2781,301,247,5,1826,120
2782,125,55,4,3594,34
2783,50,255,2,1886,31
2784,637,448,1,1642,41
2785,536,153,-5,3789,82
2786,774,386,4,1538,15
2787,794,342,1,4067,72
2788,216,474,4,2167,76
2789,852,118,2,1655,79
2790,45,449,1,4971,81
2791,628,267,2,620,31
2792,778,361,5,872,86
2793,951,196,2,2532,53
2794,453,400,3,4764,96
2795,988,441,2,4948,5
2796,337,352,1,329,45
2797,822,91,1,268,20
2798,419,36,1,2446,13
2799,76,317,5,289,74
2800,314,278,2,268,87
2801,297,70,1,4561,87
2802,980,165,2,1990,77
2803,758,95,5,3477,14
2804,55,455,3,2453,20
2805,1,327,2,3662,47
2806,573,311,4,3945,3
2807,380,418,3,214,100
2808,872,204,3,439,13
2809,239,275,3,1466,3
2810,617,487,2,3959,46
2811,665,267,2,1723,13
2812,416,46,4,2952,23
2813,352,337,1,3336,31
2814,398,139,1,3451,4
2815,783,361,2,918,94
2816,129,332,3,1006,75
2817,323,420,-3,1306,40
2818,524,281,5,1801,19
2819,176,90,4,2296,97
2820,21,62,4,4307,84
2821,297,315,5,2426,36
2822,283,440,1,3415,2
2823,54,138,1,2006,49
2824,324,226,2,293,49
2825,882,265,3,884,91
2826,364,14,3,2512,40
2827,136,353,2,3812,68
2828,589,474,5,1971,22
2829,645,377,3,504,36
2830,623,211,1,3628,4
2831,880,232,5,364,57
2832,770,245,1,1026,67
2833,133,464,4,4059,68
2834,856,146,2,2755,81
2835,277,14,2,3409,12
2836,23,353,3,1847,27
2837,169,9,5,1576,57
2838,968,353,4,3898,0
2839,820,491,3,1001,14
2840,87,342,4,537,33
2841,787,181,2,2225,47
2842,592,290,2,1348,57
2843,656,417,2,1478,30
2844,772,441,3,4127,97
2845,202,414,5,2065,72
2846,377,249,2,1381,34
2847,836,432,5,1535,10
2848,383,13,3,4760,27
2849,738,298,1,3241,71
2850,472,214,4,2437,49
2851,257,464,3,720,26
2852,392,402,3,4810,81
2853,257,440,4,4372,14
2854,285,420,1,3635,16
2855,258,457,4,2193,120
2856,468,384,2,3280,2
2857,562,491,1,408,57
2858,420,378,3,3127,29
2859,903,256,4,473,37
2860,512,113,5,491,69
2861,666,174,3,3905,0
2862,130,402,5,3908,72
2863,521,397,2,2709,66
2864,267,386,3,3001,96
2865,867,425,2,4841,60
2866,44,126,1,2071,90
2867,685,361,3,423,97
2868,709,176,1,116,63
2869,131,299,2,3666,95
2870,396,362,5,3896,84
2871,344,379,2,4364,98
2872,5948,7,4,3331,9
2873,736,436,-1,3485,82
2874,410,385,4,2954,80
2875,350,379,3,3870,70
2876,867,437,3,4970,42
2877,617,363,3,1795,95
2878,333,194,5,2124,62
2879,180,136,3,3682,76
2880,982,86,5,2380,120
2881,386,467,3,890,40
2882,268,198,5,2967,27
2883,580,33,3,1968,50
2884,953,218,1,4616,26
2885,101,28,1,3934,47
2886,861,440,1,4175,63
2887,491,462,4,298,22
2888,944,415,3,3830,27
2889,74,492,4,2613,24
2890,119,176,5,2391,83
2891,686,287,3,2998,0
2892,577,296,3,1171,100
2893,996,115,5,2700,72
2894,5412,76,4,4383,76
2895,635,319,5,1151,84
2896,156,89,2,4899,89
2897,554,239,4,2958,65
2898,709,295,2,4512,85
2899,427,333,4,4190,85
2900,124,179,3,2190,87
2901,707,440,4,1462,51
2902,101,440,3,4427,65
2903,29,70,-4,435,74
2904,561,87,5,4062,12
2905,888,78,1,4140,23
2906,587,175,2,686,28
2907,583,214,3,4120,40
2908,566,289,5,1614,5
2909,470,386,2,4145,7
2910,429,54,4,2239,41
2911,848,89,3,2287,25
2912,996,316,-3,4744,32
2913,697,375,1,1356,13
2914,268,127,3,2615,83
2915,817,180,2,4048,47
2916,542,342,2,3814,67
2917,926,403,1,1740,17
2918,561,392,4,4936,25
2919,555,201,1,944,13
2920,107,451,2,2807,0
2921,4,440,4,1845,99
2922,603,430,4,2142,32
2923,688,334,2,2013,85
2924,624,413,5,3748,2
2925,905,184,4,1110,78
2926,814,323,1,346,66
2927,996,11,4,1008,23
2928,401,397,2,2502,5
2929,121,206,5,1563,23
2930,340,365,1,963,95
2931,458,11,3,2237,71
2932,753,81,5,3446,19
2933,865,204,1,3349,80
2934,573,319,4,1483,30
2935,95,340,1,349,19
2936,763,310,4,2545,94
2937,746,488,3,1671,16
2938,68,252,3,4626,37
2939,207,371,5,2017,49
2940,532,110,2,285,16
2941,162,369,4,2307,91
2942,667,166,2,1687,28
2943,214,53,1,3698,80
2944,807,441,1,577,32
2945,632,161,4,279,65
2946,99,234,2,4472,87
2947,893,421,5,2191,6
2948,256,321,4,3031,54
2949,507,251,1,198,81
2950,906,136,1,4674,11
2951,339,126,3,1758,76
2952,813,412,1,3497,39
2953,818,58,5,2556,78
2954,354,295,4,686,58
2955,57,467,3,2036,26
2956,5057,202,3,2525,51
2957,70,203,1,1910,41
2958,975,236,2,2646,56
2959,408,417,3,2970,23
2960,331,295,1,2208,22
2961,272,52,2,4933,6
2962,683,205,5,4928,7
2963,684,483,3,101,64
2964,884,218,5,1704,42
2965,66,320,4,1367,34
2966,719,6,1,1685,40
2967,560,362,4,3806,1
2968,747,126,2,2403,10
2969,832,441,2,1092,32
2970,976,69,4,2824,94
2971,690,90,5,4320,73
2972,247,414,2,989,38
2973,583,12,5,3835,93
2974,461,33,1,3606,98
2975,564,229,5,856,35
2976,486,468,1,2633,83
2977,112,2,4,2046,11
2978,976,104,3,2667,43
2979,836,195,4,4610,59
2980,837,484,2,4607,17
2981,666,231,3,3871,6
2982,882,485,1,2268,81
2983,696,236,2,547,100
2984,406,214,3,3619,60
2985,509,337,1,3125,11
2986,830,390,1,3947,85
2987,129,189,5,2891,28
2988,371,245,3,2963,26
2989,295,13,3,378,36
2990,454,470,4,4142,75
2991,431,8,5,3727,12
2992,335,369,3,1244,47
2993,848,62,2,229,29
2994,606,74,1,3902,27
2995,314,422,2,1961,58
2996,839,202,3,2502,38
2997,578,274,2,2249,58
2998,292,407,4,4590,83
2999,997,349,1,3858,72
3000,947,451,4,920,48
291,691,8,1,3661,73
321,774,7,-2,1261,14
756,42,250,1,1169,39
1919,768,447,1,1267,21
2065,18,56,1,3542,53
375,630,28,1,1663,10
1395,815,203,2,2476,80
2308,198,386,2,633,23
336,644,432,1,2946,31
440,468,42,3,4717,78
2096,294,35,5,1849,31
666,602,491,5,2215,61
535,794,310,5,747,89
1457,112,178,4,2586,80
2977,112,2,4,2046,11
1806,325,275,1,3947,100
1313,207,16,5,986,20
1770,449,373,1,3776,0
2387,501,373,3,4880,9
1141,909,429,5,2178,36
